Handle,Title,Body (HTML),SEO Title,SEO Description
"jam-tangan-pria-c24-analog-quartz","Elfy AeroVeloce C24 Chrono Watch","<p><strong>Elfy AeroVeloce C24 Chrono Watch</strong> menampilkan gabungan keanggunan eksekutif dan ketahanan jam tangan harian. Dikuasakan oleh enjin Japanese Quartz Movement berketepatan tinggi serta kemasan casing keluli tahan karat, jam ini melengkapi penampilan sartorial anda di pejabat, majlis rasmi, mahupun gaya santai hujung minggu.</p>

<h3>Kelebihan &amp; Spesifikasi Utama:</h3>
<ul>
  <li><strong>High-Precision Japanese Quartz Movement yang jitu dan tahan lama:</strong> </li>
  <li><strong>Casing Alloy & Stainless Steel tahan karat dengan kaca tahan calar ringan:</strong> </li>
  <li><strong>Tali jam berkualiti tinggi yang selesa di pergelangan tangan sepanjang hari:</strong> </li>
  <li><strong>Kalis air 3 ATM (Daily splash & rain resistant):</strong> </li>
  <li><strong>Gaya eksekutif formal & smart-casual moden:</strong> </li>
</ul>

<h3>Jaminan &amp; Kelebihan Servis ELFY Malaysia:</h3>
<ul>
  <li>🚚 <strong>Penghantaran Pantas:</strong> 1-3 hari bekerja Semenanjung (Pos Laju / J&amp;T) &amp; 3-5 hari Sabah/Sarawak.</li>
  <li>🛡️ <strong>Jaminan 1 Tahun:</strong> Perlindungan kerosakan enjin jam tangan untuk ketenangan minda anda.</li>
  <li>📦 <strong>100% Ready Stock Malaysia:</strong> Penghantaran pantas dari gudang tempatan Malaysia.</li>
  <li>🎁 <strong>Pakej Eksklusif Termasuk:</strong> 1x Jam Tangan ELFY, 1x Kotak Hadiah Premium (Watch Gift Box), &amp; Kad Jaminan.</li>
</ul>","Elfy AeroVeloce C24 Chrono Watch - Jam Tangan Lelaki Analog Mewah Malaysia - Elfy Official","Beli Elfy AeroVeloce C24 Chrono Watch di Malaysia. Jam tangan lelaki analog quartz mewah, jaminan 1 tahun & penghantaran pantas Semenanjung."
"jam-tangan-pria-c27-analog-quartz","Elfy Imperial Apex C27 Watch","<p><strong>Elfy Imperial Apex C27 Watch</strong> menampilkan gabungan keanggunan eksekutif dan ketahanan jam tangan harian. Dikuasakan oleh enjin Japanese Quartz Movement berketepatan tinggi serta kemasan casing keluli tahan karat, jam ini melengkapi penampilan sartorial anda di pejabat, majlis rasmi, mahupun gaya santai hujung minggu.</p>

<h3>Kelebihan &amp; Spesifikasi Utama:</h3>
<ul>
  <li><strong>Rekaan grand classic stainless steel yang berprestij:</strong> </li>
  <li><strong>Enjin pergerakan quartz berketepatan tinggi:</strong> </li>
  <li><strong>Dial analog klasik dengan penunjuk masa yang jelas:</strong> </li>
  <li><strong>Kalis percikan air harian 3 ATM:</strong> </li>
  <li><strong>Sesuai untuk ahli perniagaan dan gaya formal korporat:</strong> </li>
</ul>

<h3>Jaminan &amp; Kelebihan Servis ELFY Malaysia:</h3>
<ul>
  <li>🚚 <strong>Penghantaran Pantas:</strong> 1-3 hari bekerja Semenanjung (Pos Laju / J&amp;T) &amp; 3-5 hari Sabah/Sarawak.</li>
  <li>🛡️ <strong>Jaminan 1 Tahun:</strong> Perlindungan kerosakan enjin jam tangan untuk ketenangan minda anda.</li>
  <li>📦 <strong>100% Ready Stock Malaysia:</strong> Penghantaran pantas dari gudang tempatan Malaysia.</li>
  <li>🎁 <strong>Pakej Eksklusif Termasuk:</strong> 1x Jam Tangan ELFY, 1x Kotak Hadiah Premium (Watch Gift Box), &amp; Kad Jaminan.</li>
</ul>","Elfy Imperial Apex C27 Watch - Jam Tangan Lelaki Keluli Klasik Malaysia - Elfy Official","Beli Elfy Imperial Apex C27 Watch di Malaysia. Jam tangan lelaki keluli tahan karat grand classic, sesuai untuk kerja pejabat & majlis formal."
"jam-tangan-pria-fn-c15-analog-quartz","Elfy Vanguard Royale C15 Watch","<p><strong>Elfy Vanguard Royale C15 Watch</strong> menampilkan gabungan keanggunan eksekutif dan ketahanan jam tangan harian. Dikuasakan oleh enjin Japanese Quartz Movement berketepatan tinggi serta kemasan casing keluli tahan karat, jam ini melengkapi penampilan sartorial anda di pejabat, majlis rasmi, mahupun gaya santai hujung minggu.</p>

<h3>Kelebihan &amp; Spesifikasi Utama:</h3>
<ul>
  <li><strong>Reka bentuk maskulin moden dengan kemasan keluli tahan lasak:</strong> </li>
  <li><strong>Enjin quartz jitu untuk ketepatan masa tanpa kompromi:</strong> </li>
  <li><strong>Ketahanan air 3 ATM untuk kegunaan harian:</strong> </li>
  <li><strong>Tali keluli boleh laras mengikut saiz pergelangan tangan:</strong> </li>
  <li><strong>Kotak hadiah jam tangan premium ELFY disertakan:</strong> </li>
</ul>

<h3>Jaminan &amp; Kelebihan Servis ELFY Malaysia:</h3>
<ul>
  <li>🚚 <strong>Penghantaran Pantas:</strong> 1-3 hari bekerja Semenanjung (Pos Laju / J&amp;T) &amp; 3-5 hari Sabah/Sarawak.</li>
  <li>🛡️ <strong>Jaminan 1 Tahun:</strong> Perlindungan kerosakan enjin jam tangan untuk ketenangan minda anda.</li>
  <li>📦 <strong>100% Ready Stock Malaysia:</strong> Penghantaran pantas dari gudang tempatan Malaysia.</li>
  <li>🎁 <strong>Pakej Eksklusif Termasuk:</strong> 1x Jam Tangan ELFY, 1x Kotak Hadiah Premium (Watch Gift Box), &amp; Kad Jaminan.</li>
</ul>","Elfy Vanguard Royale C15 Watch - Jam Tangan Lelaki Precision Steel Malaysia - Elfy Official","Beli Elfy Vanguard Royale C15 Watch di Malaysia. Jam tangan lelaki keluli tahan karat rekaan precision, tahan lasak & jaminan 1 tahun."
"jam-tangan-pria-notionr01-analog-quartz","Elfy Notion-01 Executive Slim Watch","<p><strong>Elfy Notion-01 Executive Slim Watch</strong> menampilkan gabungan keanggunan eksekutif dan ketahanan jam tangan harian. Dikuasakan oleh enjin Japanese Quartz Movement berketepatan tinggi serta kemasan casing keluli tahan karat, jam ini melengkapi penampilan sartorial anda di pejabat, majlis rasmi, mahupun gaya santai hujung minggu.</p>

<h3>Kelebihan &amp; Spesifikasi Utama:</h3>
<ul>
  <li><strong>Profil ultra-slim yang nipis, ringan dan kemas di bawah kemeja:</strong> </li>
  <li><strong>Rekaan dial minimalist kontemporari tanpa elemen serabut:</strong> </li>
  <li><strong>Enjin Japanese quartz berketepatan tinggi:</strong> </li>
  <li><strong>Tali jam lembut yang tidak memerangkap peluh:</strong> </li>
  <li><strong>Kalis air 3 ATM untuk perlindungan percikan harian:</strong> </li>
</ul>

<h3>Jaminan &amp; Kelebihan Servis ELFY Malaysia:</h3>
<ul>
  <li>🚚 <strong>Penghantaran Pantas:</strong> 1-3 hari bekerja Semenanjung (Pos Laju / J&amp;T) &amp; 3-5 hari Sabah/Sarawak.</li>
  <li>🛡️ <strong>Jaminan 1 Tahun:</strong> Perlindungan kerosakan enjin jam tangan untuk ketenangan minda anda.</li>
  <li>📦 <strong>100% Ready Stock Malaysia:</strong> Penghantaran pantas dari gudang tempatan Malaysia.</li>
  <li>🎁 <strong>Pakej Eksklusif Termasuk:</strong> 1x Jam Tangan ELFY, 1x Kotak Hadiah Premium (Watch Gift Box), &amp; Kad Jaminan.</li>
</ul>","Elfy Notion-01 Executive Slim Watch - Jam Tangan Lelaki Nipis Minimalist Malaysia - Elfy Official","Beli Elfy Notion-01 Executive Slim Watch di Malaysia. Jam tangan lelaki ultra-slim minimalist yang ringan, nipis & elegan untuk kegunaan harian."
"jam-tangan-wanita-bs-elegant-quartz","Elfy Lumina Grace BS Watch","<p><strong>Elfy Lumina Grace BS Watch</strong> menampilkan gabungan keanggunan eksekutif dan ketahanan jam tangan harian. Dikuasakan oleh enjin Japanese Quartz Movement berketepatan tinggi serta kemasan casing keluli tahan karat, jam ini melengkapi penampilan sartorial anda di pejabat, majlis rasmi, mahupun gaya santai hujung minggu.</p>

<h3>Kelebihan &amp; Spesifikasi Utama:</h3>
<ul>
  <li><strong>Bikinan bezel bertatah kristal berkilau yang memukau:</strong> </li>
  <li><strong>Dial elegan feminin dengan kemasan mewah:</strong> </li>
  <li><strong>Enjin quartz berkualiti tinggi dan tahan lama:</strong> </li>
  <li><strong>Kalis percikan air 3 ATM:</strong> </li>
  <li><strong>Pilihan terbaik untuk hadiah istimewa wanita atau majlis keramaian:</strong> </li>
</ul>

<h3>Jaminan &amp; Kelebihan Servis ELFY Malaysia:</h3>
<ul>
  <li>🚚 <strong>Penghantaran Pantas:</strong> 1-3 hari bekerja Semenanjung (Pos Laju / J&amp;T) &amp; 3-5 hari Sabah/Sarawak.</li>
  <li>🛡️ <strong>Jaminan 1 Tahun:</strong> Perlindungan kerosakan enjin jam tangan untuk ketenangan minda anda.</li>
  <li>📦 <strong>100% Ready Stock Malaysia:</strong> Penghantaran pantas dari gudang tempatan Malaysia.</li>
  <li>🎁 <strong>Pakej Eksklusif Termasuk:</strong> 1x Jam Tangan ELFY, 1x Kotak Hadiah Premium (Watch Gift Box), &amp; Kad Jaminan.</li>
</ul>","Elfy Lumina Grace BS Watch - Jam Tangan Wanita Diamond Crystal Malaysia - Elfy Official","Beli Elfy Lumina Grace BS Watch di Malaysia. Jam tangan wanita bertatah kristal mewah, anggun untuk majlis & kerja. Hadiah eksklusif wanita."
"jam-tangan-wanita-j8-elegant-quartz","Elfy Aura Petite J8 Watch","<p><strong>Elfy Aura Petite J8 Watch</strong> menampilkan gabungan keanggunan eksekutif dan ketahanan jam tangan harian. Dikuasakan oleh enjin Japanese Quartz Movement berketepatan tinggi serta kemasan casing keluli tahan karat, jam ini melengkapi penampilan sartorial anda di pejabat, majlis rasmi, mahupun gaya santai hujung minggu.</p>

<h3>Kelebihan &amp; Spesifikasi Utama:</h3>
<ul>
  <li><strong>Saiz dial petite yang anggun dan padan untuk pergelangan tangan wanita:</strong> </li>
  <li><strong>Tali kulit berkualiti tinggi yang lembut dan selesa:</strong> </li>
  <li><strong>Gaya minimalist klasik yang tidak lapuk dek zaman:</strong> </li>
  <li><strong>Enjin quartz tepat dengan ketahanan bateri berpanjangan:</strong> </li>
  <li><strong>Kalis percikan air harian 3 ATM:</strong> </li>
</ul>

<h3>Jaminan &amp; Kelebihan Servis ELFY Malaysia:</h3>
<ul>
  <li>🚚 <strong>Penghantaran Pantas:</strong> 1-3 hari bekerja Semenanjung (Pos Laju / J&amp;T) &amp; 3-5 hari Sabah/Sarawak.</li>
  <li>🛡️ <strong>Jaminan 1 Tahun:</strong> Perlindungan kerosakan enjin jam tangan untuk ketenangan minda anda.</li>
  <li>📦 <strong>100% Ready Stock Malaysia:</strong> Penghantaran pantas dari gudang tempatan Malaysia.</li>
  <li>🎁 <strong>Pakej Eksklusif Termasuk:</strong> 1x Jam Tangan ELFY, 1x Kotak Hadiah Premium (Watch Gift Box), &amp; Kad Jaminan.</li>
</ul>","Elfy Aura Petite J8 Watch - Jam Tangan Wanita Tali Kulit Malaysia - Elfy Official","Beli Elfy Aura Petite J8 Watch di Malaysia. Jam tangan wanita minimalist bertali kulit lembut, anggun & selesa dipakai ke pejabat atau santai."
"jam-tangan-wanita-j9-elegant-quartz","Elfy Seraphina J9 Vintage Watch","<p><strong>Elfy Seraphina J9 Vintage Watch</strong> menampilkan gabungan keanggunan eksekutif dan ketahanan jam tangan harian. Dikuasakan oleh enjin Japanese Quartz Movement berketepatan tinggi serta kemasan casing keluli tahan karat, jam ini melengkapi penampilan sartorial anda di pejabat, majlis rasmi, mahupun gaya santai hujung minggu.</p>

<h3>Kelebihan &amp; Spesifikasi Utama:</h3>
<ul>
  <li><strong>Kemasan casing tona rose gold vintage yang memikat hati:</strong> </li>
  <li><strong>Tali kulit bergaya retro moden yang tahan lasak:</strong> </li>
  <li><strong>Penunjuk masa analog yang jelas dan rapi:</strong> </li>
  <li><strong>Kalis air 3 ATM untuk pemakaian harian santai:</strong> </li>
  <li><strong>Dilengkapi kotak hadiah eksklusif ELFY:</strong> </li>
</ul>

<h3>Jaminan &amp; Kelebihan Servis ELFY Malaysia:</h3>
<ul>
  <li>🚚 <strong>Penghantaran Pantas:</strong> 1-3 hari bekerja Semenanjung (Pos Laju / J&amp;T) &amp; 3-5 hari Sabah/Sarawak.</li>
  <li>🛡️ <strong>Jaminan 1 Tahun:</strong> Perlindungan kerosakan enjin jam tangan untuk ketenangan minda anda.</li>
  <li>📦 <strong>100% Ready Stock Malaysia:</strong> Penghantaran pantas dari gudang tempatan Malaysia.</li>
  <li>🎁 <strong>Pakej Eksklusif Termasuk:</strong> 1x Jam Tangan ELFY, 1x Kotak Hadiah Premium (Watch Gift Box), &amp; Kad Jaminan.</li>
</ul>","Elfy Seraphina J9 Vintage Watch - Jam Tangan Wanita Rose Gold Malaysia - Elfy Official","Beli Elfy Seraphina J9 Vintage Watch di Malaysia. Sentuhan feminin vintage rose gold dengan tali kulit klasik & jaminan 1 tahun ELFY."
"sepatu-pria-k1-sneakers-sport-casual","Elfy AeroFlow K1 Running Sneakers","<p><strong>Elfy AeroFlow K1 Running Sneakers</strong> direka khas untuk lelaki moden Malaysia yang mengutamakan keselesaan maksima sepanjang hari, sama ada untuk kerja, bersiar-siar, mahupun bersukan kasual. Dibina dengan fabrik mesh bernafas (breathable) yang sejuk dan tapak getah anti-gelincir berdaya cengkaman tinggi, sesuai untuk cuaca panas dan hujan di Malaysia.</p>

<h3>Kelebihan &amp; Spesifikasi Utama:</h3>
<ul>
  <li><strong>Breathable Air-Mesh Upper:</strong>  Udara mengalir lancar, kaki kekal sejuk dalam cuaca Malaysia</li>
  <li><strong>Ergonomic Cushion Insole:</strong>  Tapak dalaman empuk mengurangkan sengal tumit dan kaki</li>
  <li><strong>Tapak Getah Anti-Slip:</strong>  Cengkaman mantap dan selamat di atas lantai licin atau basah</li>
  <li><strong>Rekaan Sport Casual:</strong>  Sesuai untuk bersukan ringan, jalan-jalan santai, mahupun kerja harian</li>
</ul>

<h3>Jaminan &amp; Kelebihan Servis ELFY Malaysia:</h3>
<ul>
  <li>🚚 <strong>Penghantaran Pantas:</strong> 1-3 hari bekerja untuk Semenanjung (Pos Laju / J&amp;T). Penghantaran Percuma untuk pesanan RM150 ke atas!</li>
  <li>🔄 <strong>Jaminan Tukar Saiz 7 Hari Percuma:</strong> Jika saiz kurang muat, proses penukaran saiz pantas dan mudah tanpa soalan.</li>
  <li>📦 <strong>100% Ready Stock Malaysia:</strong> Dihantar terus dari gudang tempatan (bukan dropship luar negara).</li>
  <li>🎁 <strong>Pakej Eksklusif:</strong> Didatangkan dalam Kotak Kasut Khas ELFY &amp; pembungkusan bubble wrap tebal.</li>
</ul>

<h3>Panduan Memilih Saiz (Ukuran Tapak Kaki Dalam / Insole):</h3>
<ul>
  <li><strong>Saiz 39:</strong> 24.5 cm</li>
  <li><strong>Saiz 40:</strong> 25.0 cm</li>
  <li><strong>Saiz 41:</strong> 25.5 cm</li>
  <li><strong>Saiz 42:</strong> 26.0 cm</li>
  <li><strong>Saiz 43:</strong> 26.5 cm</li>
  <li><strong>Saiz 44:</strong> 27.0 cm</li>
</ul>
<p><em>*Tip Saiz: Jika bentuk kaki anda lebar (wide feet), kami cadangkan ambil 1 saiz lebih besar untuk keselesaan optimum.</em></p>","Elfy AeroFlow K1 Running Sneakers - Kasut Lelaki Selesa Ringan Malaysia - Elfy Official","Beli Elfy AeroFlow K1 Running Sneakers di Malaysia. Kasut sneakers lelaki ultra-cushion, breathable mesh sejuk & tapak anti-gelincir selesa jalan jauh."
"sepatu-pria-k8-sneakers-sport-casual","Elfy Titan Air K8 Sneakers","<p><strong>Elfy Titan Air K8 Sneakers</strong> direka khas untuk lelaki moden Malaysia yang mengutamakan keselesaan maksima sepanjang hari, sama ada untuk kerja, bersiar-siar, mahupun bersukan kasual. Dibina dengan fabrik mesh bernafas (breathable) yang sejuk dan tapak getah anti-gelincir berdaya cengkaman tinggi, sesuai untuk cuaca panas dan hujan di Malaysia.</p>

<h3>Kelebihan &amp; Spesifikasi Utama:</h3>
<ul>
  <li><strong>Hyper-Breathable Weave Upper untuk pengudaraan optimum tanpa bau hapak:</strong> </li>
  <li><strong>Sistem sokongan tumit Titan Air untuk kestabilan setiap langkah:</strong> </li>
  <li><strong>Tapak getah berdaya tahan tinggi dan anti-haus:</strong> </li>
  <li><strong>Ringan dan fleksibel untuk mobiliti sepanjang hari di bandar:</strong> </li>
</ul>

<h3>Jaminan &amp; Kelebihan Servis ELFY Malaysia:</h3>
<ul>
  <li>🚚 <strong>Penghantaran Pantas:</strong> 1-3 hari bekerja untuk Semenanjung (Pos Laju / J&amp;T). Penghantaran Percuma untuk pesanan RM150 ke atas!</li>
  <li>🔄 <strong>Jaminan Tukar Saiz 7 Hari Percuma:</strong> Jika saiz kurang muat, proses penukaran saiz pantas dan mudah tanpa soalan.</li>
  <li>📦 <strong>100% Ready Stock Malaysia:</strong> Dihantar terus dari gudang tempatan (bukan dropship luar negara).</li>
  <li>🎁 <strong>Pakej Eksklusif:</strong> Didatangkan dalam Kotak Kasut Khas ELFY &amp; pembungkusan bubble wrap tebal.</li>
</ul>

<h3>Panduan Memilih Saiz (Ukuran Tapak Kaki Dalam / Insole):</h3>
<ul>
  <li><strong>Saiz 39:</strong> 24.5 cm</li>
  <li><strong>Saiz 40:</strong> 25.0 cm</li>
  <li><strong>Saiz 41:</strong> 25.5 cm</li>
  <li><strong>Saiz 42:</strong> 26.0 cm</li>
  <li><strong>Saiz 43:</strong> 26.5 cm</li>
  <li><strong>Saiz 44:</strong> 27.0 cm</li>
</ul>
<p><em>*Tip Saiz: Jika bentuk kaki anda lebar (wide feet), kami cadangkan ambil 1 saiz lebih besar untuk keselesaan optimum.</em></p>","Elfy Titan Air K8 Sneakers - Kasut Lelaki Breathable Sport Malaysia - Elfy Official","Beli Elfy Titan Air K8 Sneakers di Malaysia. Kasut sukan kasual lelaki hyper-breathable, rekaan moden tahan lasak dengan kusyen sokongan padu."
"sepatu-pria-k11-sneakers-sport-casual","Elfy VoltStride K11 Street Sneakers","<p><strong>Elfy VoltStride K11 Street Sneakers</strong> direka khas untuk lelaki moden Malaysia yang mengutamakan keselesaan maksima sepanjang hari, sama ada untuk kerja, bersiar-siar, mahupun bersukan kasual. Dibina dengan fabrik mesh bernafas (breathable) yang sejuk dan tapak getah anti-gelincir berdaya cengkaman tinggi, sesuai untuk cuaca panas dan hujan di Malaysia.</p>

<h3>Kelebihan &amp; Spesifikasi Utama:</h3>
<ul>
  <li><strong>Siluet street style kontemporari yang versatile dipadankan jeans atau seluar pendek:</strong> </li>
  <li><strong>Bahan binaan ultra-ringan yang tidak membebankan kaki:</strong> </li>
  <li><strong>Tapak cengkaman fleksibel untuk keselesaan langkah maksimum:</strong> </li>
  <li><strong>Pelapik span lembut pada bahagian buku lali:</strong> </li>
</ul>

<h3>Jaminan &amp; Kelebihan Servis ELFY Malaysia:</h3>
<ul>
  <li>🚚 <strong>Penghantaran Pantas:</strong> 1-3 hari bekerja untuk Semenanjung (Pos Laju / J&amp;T). Penghantaran Percuma untuk pesanan RM150 ke atas!</li>
  <li>🔄 <strong>Jaminan Tukar Saiz 7 Hari Percuma:</strong> Jika saiz kurang muat, proses penukaran saiz pantas dan mudah tanpa soalan.</li>
  <li>📦 <strong>100% Ready Stock Malaysia:</strong> Dihantar terus dari gudang tempatan (bukan dropship luar negara).</li>
  <li>🎁 <strong>Pakej Eksklusif:</strong> Didatangkan dalam Kotak Kasut Khas ELFY &amp; pembungkusan bubble wrap tebal.</li>
</ul>

<h3>Panduan Memilih Saiz (Ukuran Tapak Kaki Dalam / Insole):</h3>
<ul>
  <li><strong>Saiz 39:</strong> 24.5 cm</li>
  <li><strong>Saiz 40:</strong> 25.0 cm</li>
  <li><strong>Saiz 41:</strong> 25.5 cm</li>
  <li><strong>Saiz 42:</strong> 26.0 cm</li>
  <li><strong>Saiz 43:</strong> 26.5 cm</li>
  <li><strong>Saiz 44:</strong> 27.0 cm</li>
</ul>
<p><em>*Tip Saiz: Jika bentuk kaki anda lebar (wide feet), kami cadangkan ambil 1 saiz lebih besar untuk keselesaan optimum.</em></p>","Elfy VoltStride K11 Street Sneakers - Kasut Sneakers Lelaki Streetwear Malaysia - Elfy Official","Beli Elfy VoltStride K11 Street Sneakers di Malaysia. Kasut sneakers lelaki bergaya street kasual, ringan & fleksibel untuk gaya harian bertenaga."
"sepatu-pria-k12-sneakers-sport-casual","Elfy CloudGlide K12 Casual Sneakers","<p><strong>Elfy CloudGlide K12 Casual Sneakers</strong> direka khas untuk lelaki moden Malaysia yang mengutamakan keselesaan maksima sepanjang hari, sama ada untuk kerja, bersiar-siar, mahupun bersukan kasual. Dibina dengan fabrik mesh bernafas (breathable) yang sejuk dan tapak getah anti-gelincir berdaya cengkaman tinggi, sesuai untuk cuaca panas dan hujan di Malaysia.</p>

<h3>Kelebihan &amp; Spesifikasi Utama:</h3>
<ul>
  <li><strong>Tapak CloudGlide berteknologi kusyen lembut untuk sensasi berjalan santai:</strong> </li>
  <li><strong>Bahan fabrik rajut berdaya regang mengikut bentuk kaki:</strong> </li>
  <li><strong>Tapak luar getah berprofil cengkaman anti-licin:</strong> </li>
  <li><strong>Sangat mudah disarung dan ditanggalkan:</strong> </li>
</ul>

<h3>Jaminan &amp; Kelebihan Servis ELFY Malaysia:</h3>
<ul>
  <li>🚚 <strong>Penghantaran Pantas:</strong> 1-3 hari bekerja untuk Semenanjung (Pos Laju / J&amp;T). Penghantaran Percuma untuk pesanan RM150 ke atas!</li>
  <li>🔄 <strong>Jaminan Tukar Saiz 7 Hari Percuma:</strong> Jika saiz kurang muat, proses penukaran saiz pantas dan mudah tanpa soalan.</li>
  <li>📦 <strong>100% Ready Stock Malaysia:</strong> Dihantar terus dari gudang tempatan (bukan dropship luar negara).</li>
  <li>🎁 <strong>Pakej Eksklusif:</strong> Didatangkan dalam Kotak Kasut Khas ELFY &amp; pembungkusan bubble wrap tebal.</li>
</ul>

<h3>Panduan Memilih Saiz (Ukuran Tapak Kaki Dalam / Insole):</h3>
<ul>
  <li><strong>Saiz 39:</strong> 24.5 cm</li>
  <li><strong>Saiz 40:</strong> 25.0 cm</li>
  <li><strong>Saiz 41:</strong> 25.5 cm</li>
  <li><strong>Saiz 42:</strong> 26.0 cm</li>
  <li><strong>Saiz 43:</strong> 26.5 cm</li>
  <li><strong>Saiz 44:</strong> 27.0 cm</li>
</ul>
<p><em>*Tip Saiz: Jika bentuk kaki anda lebar (wide feet), kami cadangkan ambil 1 saiz lebih besar untuk keselesaan optimum.</em></p>","Elfy CloudGlide K12 Casual Sneakers - Kasut Lelaki Tapak Lembut Malaysia - Elfy Official","Beli Elfy CloudGlide K12 Casual Sneakers di Malaysia. Kasut kasual lelaki tapak lembut bak awan, fleksibel & selesa dipakai seharian."
"sepatu-pria-k13-sneakers-sport-casual","Elfy Zenith Run K13 Sneakers","<p><strong>Elfy Zenith Run K13 Sneakers</strong> direka khas untuk lelaki moden Malaysia yang mengutamakan keselesaan maksima sepanjang hari, sama ada untuk kerja, bersiar-siar, mahupun bersukan kasual. Dibina dengan fabrik mesh bernafas (breathable) yang sejuk dan tapak getah anti-gelincir berdaya cengkaman tinggi, sesuai untuk cuaca panas dan hujan di Malaysia.</p>

<h3>Kelebihan &amp; Spesifikasi Utama:</h3>
<ul>
  <li><strong>Teknologi penyerap hentakan ergonomik melindungi lutut dan sendi:</strong> </li>
  <li><strong>Fabrik mesh mikro memastikan kaki tidak berpeluh:</strong> </li>
  <li><strong>Struktur tapak berongga untuk pantulan tenaga yang efisien:</strong> </li>
  <li><strong>Reka bentuk atletik aerodinamik bergaya maskulin:</strong> </li>
</ul>

<h3>Jaminan &amp; Kelebihan Servis ELFY Malaysia:</h3>
<ul>
  <li>🚚 <strong>Penghantaran Pantas:</strong> 1-3 hari bekerja untuk Semenanjung (Pos Laju / J&amp;T). Penghantaran Percuma untuk pesanan RM150 ke atas!</li>
  <li>🔄 <strong>Jaminan Tukar Saiz 7 Hari Percuma:</strong> Jika saiz kurang muat, proses penukaran saiz pantas dan mudah tanpa soalan.</li>
  <li>📦 <strong>100% Ready Stock Malaysia:</strong> Dihantar terus dari gudang tempatan (bukan dropship luar negara).</li>
  <li>🎁 <strong>Pakej Eksklusif:</strong> Didatangkan dalam Kotak Kasut Khas ELFY &amp; pembungkusan bubble wrap tebal.</li>
</ul>

<h3>Panduan Memilih Saiz (Ukuran Tapak Kaki Dalam / Insole):</h3>
<ul>
  <li><strong>Saiz 39:</strong> 24.5 cm</li>
  <li><strong>Saiz 40:</strong> 25.0 cm</li>
  <li><strong>Saiz 41:</strong> 25.5 cm</li>
  <li><strong>Saiz 42:</strong> 26.0 cm</li>
  <li><strong>Saiz 43:</strong> 26.5 cm</li>
  <li><strong>Saiz 44:</strong> 27.0 cm</li>
</ul>
<p><em>*Tip Saiz: Jika bentuk kaki anda lebar (wide feet), kami cadangkan ambil 1 saiz lebih besar untuk keselesaan optimum.</em></p>","Elfy Zenith Run K13 Sneakers - Kasut Jogging Lelaki Serap Hentakan Malaysia - Elfy Official","Beli Elfy Zenith Run K13 Sneakers di Malaysia. Kasut sneakers jogging & berjalan lelaki berteknologi serap hentakan untuk perlindungan sendi."
"sepatu-pria-k14-sneakers-sport-casual","Elfy Apex Runner K14 Sneakers","<p><strong>Elfy Apex Runner K14 Sneakers</strong> direka khas untuk lelaki moden Malaysia yang mengutamakan keselesaan maksima sepanjang hari, sama ada untuk kerja, bersiar-siar, mahupun bersukan kasual. Dibina dengan fabrik mesh bernafas (breathable) yang sejuk dan tapak getah anti-gelincir berdaya cengkaman tinggi, sesuai untuk cuaca panas dan hujan di Malaysia.</p>

<h3>Kelebihan &amp; Spesifikasi Utama:</h3>
<ul>
  <li><strong>Tapak luar berbunga tebal memberikan cengkaman ekstrem di pelbagai permukaan:</strong> </li>
  <li><strong>Reka bentuk streetwear urban dengan padanan warna eksklusif:</strong> </li>
  <li><strong>Bahan luaran tahan geseran dan lasak:</strong> </li>
  <li><strong>Insole berkusyen tebal untuk keselesaan berpanjangan:</strong> </li>
</ul>

<h3>Jaminan &amp; Kelebihan Servis ELFY Malaysia:</h3>
<ul>
  <li>🚚 <strong>Penghantaran Pantas:</strong> 1-3 hari bekerja untuk Semenanjung (Pos Laju / J&amp;T). Penghantaran Percuma untuk pesanan RM150 ke atas!</li>
  <li>🔄 <strong>Jaminan Tukar Saiz 7 Hari Percuma:</strong> Jika saiz kurang muat, proses penukaran saiz pantas dan mudah tanpa soalan.</li>
  <li>📦 <strong>100% Ready Stock Malaysia:</strong> Dihantar terus dari gudang tempatan (bukan dropship luar negara).</li>
  <li>🎁 <strong>Pakej Eksklusif:</strong> Didatangkan dalam Kotak Kasut Khas ELFY &amp; pembungkusan bubble wrap tebal.</li>
</ul>

<h3>Panduan Memilih Saiz (Ukuran Tapak Kaki Dalam / Insole):</h3>
<ul>
  <li><strong>Saiz 39:</strong> 24.5 cm</li>
  <li><strong>Saiz 40:</strong> 25.0 cm</li>
  <li><strong>Saiz 41:</strong> 25.5 cm</li>
  <li><strong>Saiz 42:</strong> 26.0 cm</li>
  <li><strong>Saiz 43:</strong> 26.5 cm</li>
  <li><strong>Saiz 44:</strong> 27.0 cm</li>
</ul>
<p><em>*Tip Saiz: Jika bentuk kaki anda lebar (wide feet), kami cadangkan ambil 1 saiz lebih besar untuk keselesaan optimum.</em></p>","Elfy Apex Runner K14 Sneakers - Kasut Lelaki High Traction Malaysia - Elfy Official","Beli Elfy Apex Runner K14 Sneakers di Malaysia. Kasut sneakers lelaki daya cengkaman tinggi, rekaan streetwear terkini yang tahan lasak."
"sepatu-pria-k15-sneakers-sport-casual","Elfy Phantom Pace K15 Sneakers","<p><strong>Elfy Phantom Pace K15 Sneakers</strong> direka khas untuk lelaki moden Malaysia yang mengutamakan keselesaan maksima sepanjang hari, sama ada untuk kerja, bersiar-siar, mahupun bersukan kasual. Dibina dengan fabrik mesh bernafas (breathable) yang sejuk dan tapak getah anti-gelincir berdaya cengkaman tinggi, sesuai untuk cuaca panas dan hujan di Malaysia.</p>

<h3>Kelebihan &amp; Spesifikasi Utama:</h3>
<ul>
  <li><strong>Sistem kusyen High-Rebound Foam yang memberi lantunan responsif setiap langkah:</strong> </li>
  <li><strong>Bahagian atas Phantom Mesh yang kemas dan bernafas:</strong> </li>
  <li><strong>Kolar buku lali berlapik empuk mengelakkan melecet:</strong> </li>
  <li><strong>Tapak getah tahan haus dengan corak anti-gelincir:</strong> </li>
</ul>

<h3>Jaminan &amp; Kelebihan Servis ELFY Malaysia:</h3>
<ul>
  <li>🚚 <strong>Penghantaran Pantas:</strong> 1-3 hari bekerja untuk Semenanjung (Pos Laju / J&amp;T). Penghantaran Percuma untuk pesanan RM150 ke atas!</li>
  <li>🔄 <strong>Jaminan Tukar Saiz 7 Hari Percuma:</strong> Jika saiz kurang muat, proses penukaran saiz pantas dan mudah tanpa soalan.</li>
  <li>📦 <strong>100% Ready Stock Malaysia:</strong> Dihantar terus dari gudang tempatan (bukan dropship luar negara).</li>
  <li>🎁 <strong>Pakej Eksklusif:</strong> Didatangkan dalam Kotak Kasut Khas ELFY &amp; pembungkusan bubble wrap tebal.</li>
</ul>

<h3>Panduan Memilih Saiz (Ukuran Tapak Kaki Dalam / Insole):</h3>
<ul>
  <li><strong>Saiz 39:</strong> 24.5 cm</li>
  <li><strong>Saiz 40:</strong> 25.0 cm</li>
  <li><strong>Saiz 41:</strong> 25.5 cm</li>
  <li><strong>Saiz 42:</strong> 26.0 cm</li>
  <li><strong>Saiz 43:</strong> 26.5 cm</li>
  <li><strong>Saiz 44:</strong> 27.0 cm</li>
</ul>
<p><em>*Tip Saiz: Jika bentuk kaki anda lebar (wide feet), kami cadangkan ambil 1 saiz lebih besar untuk keselesaan optimum.</em></p>","Elfy Phantom Pace K15 Sneakers - Kasut Lelaki High Rebound Malaysia - Elfy Official","Beli Elfy Phantom Pace K15 Sneakers di Malaysia. Kasut sneakers kusyen lantunan tinggi, lembut dan responsif untuk aktiviti aktif lelaki."
"sepatu-pria-k16-sneakers-sport-casual","Elfy Vortex Shift K16 Sneakers","<p><strong>Elfy Vortex Shift K16 Sneakers</strong> direka khas untuk lelaki moden Malaysia yang mengutamakan keselesaan maksima sepanjang hari, sama ada untuk kerja, bersiar-siar, mahupun bersukan kasual. Dibina dengan fabrik mesh bernafas (breathable) yang sejuk dan tapak getah anti-gelincir berdaya cengkaman tinggi, sesuai untuk cuaca panas dan hujan di Malaysia.</p>

<h3>Kelebihan &amp; Spesifikasi Utama:</h3>
<ul>
  <li><strong>Seamless Knit Upper tanpa jahitan kasar yang membalut kaki dengan sempurna:</strong> </li>
  <li><strong>Struktur anjal menyokong pergerakan semula jadi kaki:</strong> </li>
  <li><strong>Tapak tengah Vortex Cushioning yang ringan dan empuk:</strong> </li>
  <li><strong>Pengudaraan maksimum untuk keselesaan di cuaca tropika:</strong> </li>
</ul>

<h3>Jaminan &amp; Kelebihan Servis ELFY Malaysia:</h3>
<ul>
  <li>🚚 <strong>Penghantaran Pantas:</strong> 1-3 hari bekerja untuk Semenanjung (Pos Laju / J&amp;T). Penghantaran Percuma untuk pesanan RM150 ke atas!</li>
  <li>🔄 <strong>Jaminan Tukar Saiz 7 Hari Percuma:</strong> Jika saiz kurang muat, proses penukaran saiz pantas dan mudah tanpa soalan.</li>
  <li>📦 <strong>100% Ready Stock Malaysia:</strong> Dihantar terus dari gudang tempatan (bukan dropship luar negara).</li>
  <li>🎁 <strong>Pakej Eksklusif:</strong> Didatangkan dalam Kotak Kasut Khas ELFY &amp; pembungkusan bubble wrap tebal.</li>
</ul>

<h3>Panduan Memilih Saiz (Ukuran Tapak Kaki Dalam / Insole):</h3>
<ul>
  <li><strong>Saiz 39:</strong> 24.5 cm</li>
  <li><strong>Saiz 40:</strong> 25.0 cm</li>
  <li><strong>Saiz 41:</strong> 25.5 cm</li>
  <li><strong>Saiz 42:</strong> 26.0 cm</li>
  <li><strong>Saiz 43:</strong> 26.5 cm</li>
  <li><strong>Saiz 44:</strong> 27.0 cm</li>
</ul>
<p><em>*Tip Saiz: Jika bentuk kaki anda lebar (wide feet), kami cadangkan ambil 1 saiz lebih besar untuk keselesaan optimum.</em></p>","Elfy Vortex Shift K16 Sneakers - Kasut Rajut Lelaki Seamless Malaysia - Elfy Official","Beli Elfy Vortex Shift K16 Sneakers di Malaysia. Kasut rajut athletic lelaki tanpa jahitan kasar, membalut kaki dengan selesa bagai stoking."
"sepatu-pria-k17-sneakers-sport-casual","Elfy AeroMesh Pro K17 Sneakers","<p><strong>Elfy AeroMesh Pro K17 Sneakers</strong> direka khas untuk lelaki moden Malaysia yang mengutamakan keselesaan maksima sepanjang hari, sama ada untuk kerja, bersiar-siar, mahupun bersukan kasual. Dibina dengan fabrik mesh bernafas (breathable) yang sejuk dan tapak getah anti-gelincir berdaya cengkaman tinggi, sesuai untuk cuaca panas dan hujan di Malaysia.</p>

<h3>Kelebihan &amp; Spesifikasi Utama:</h3>
<ul>
  <li><strong>Fabrik jaring AeroMesh berlapis yang kuat namun sangat sejuk:</strong> </li>
  <li><strong>Tapak getah kompaun tahan lasak untuk kegunaan harian intensif:</strong> </li>
  <li><strong>Sokongan lengkung kaki (arch support) seimbang:</strong> </li>
  <li><strong>Penampilan sporty elegan yang versatil:</strong> </li>
</ul>

<h3>Jaminan &amp; Kelebihan Servis ELFY Malaysia:</h3>
<ul>
  <li>🚚 <strong>Penghantaran Pantas:</strong> 1-3 hari bekerja untuk Semenanjung (Pos Laju / J&amp;T). Penghantaran Percuma untuk pesanan RM150 ke atas!</li>
  <li>🔄 <strong>Jaminan Tukar Saiz 7 Hari Percuma:</strong> Jika saiz kurang muat, proses penukaran saiz pantas dan mudah tanpa soalan.</li>
  <li>📦 <strong>100% Ready Stock Malaysia:</strong> Dihantar terus dari gudang tempatan (bukan dropship luar negara).</li>
  <li>🎁 <strong>Pakej Eksklusif:</strong> Didatangkan dalam Kotak Kasut Khas ELFY &amp; pembungkusan bubble wrap tebal.</li>
</ul>

<h3>Panduan Memilih Saiz (Ukuran Tapak Kaki Dalam / Insole):</h3>
<ul>
  <li><strong>Saiz 39:</strong> 24.5 cm</li>
  <li><strong>Saiz 40:</strong> 25.0 cm</li>
  <li><strong>Saiz 41:</strong> 25.5 cm</li>
  <li><strong>Saiz 42:</strong> 26.0 cm</li>
  <li><strong>Saiz 43:</strong> 26.5 cm</li>
  <li><strong>Saiz 44:</strong> 27.0 cm</li>
</ul>
<p><em>*Tip Saiz: Jika bentuk kaki anda lebar (wide feet), kami cadangkan ambil 1 saiz lebih besar untuk keselesaan optimum.</em></p>","Elfy AeroMesh Pro K17 Sneakers - Kasut Sukan Kasual Lelaki Sejuk Malaysia - Elfy Official","Beli Elfy AeroMesh Pro K17 Sneakers di Malaysia. Kasut sukan harian fabrik jaring sejuk, ringan & empuk untuk berjalan jauh dan kerja."
"sepatu-pria-k18-sneakers-sport-casual","Elfy Quantum Sprint K18 Sneakers","<p><strong>Elfy Quantum Sprint K18 Sneakers</strong> direka khas untuk lelaki moden Malaysia yang mengutamakan keselesaan maksima sepanjang hari, sama ada untuk kerja, bersiar-siar, mahupun bersukan kasual. Dibina dengan fabrik mesh bernafas (breathable) yang sejuk dan tapak getah anti-gelincir berdaya cengkaman tinggi, sesuai untuk cuaca panas dan hujan di Malaysia.</p>

<h3>Kelebihan &amp; Spesifikasi Utama:</h3>
<ul>
  <li><strong>Tapak bercorak trail serba guna untuk laluan bandar mahupun luar bandar:</strong> </li>
  <li><strong>Bahan tahan lasak dengan perlindungan jari kaki:</strong> </li>
  <li><strong>Kusyen Quantum Foam menyerap gegaran dengan cekap:</strong> </li>
  <li><strong>Sesuai untuk lelaki yang aktif bergerak sepanjang hari:</strong> </li>
</ul>

<h3>Jaminan &amp; Kelebihan Servis ELFY Malaysia:</h3>
<ul>
  <li>🚚 <strong>Penghantaran Pantas:</strong> 1-3 hari bekerja untuk Semenanjung (Pos Laju / J&amp;T). Penghantaran Percuma untuk pesanan RM150 ke atas!</li>
  <li>🔄 <strong>Jaminan Tukar Saiz 7 Hari Percuma:</strong> Jika saiz kurang muat, proses penukaran saiz pantas dan mudah tanpa soalan.</li>
  <li>📦 <strong>100% Ready Stock Malaysia:</strong> Dihantar terus dari gudang tempatan (bukan dropship luar negara).</li>
  <li>🎁 <strong>Pakej Eksklusif:</strong> Didatangkan dalam Kotak Kasut Khas ELFY &amp; pembungkusan bubble wrap tebal.</li>
</ul>

<h3>Panduan Memilih Saiz (Ukuran Tapak Kaki Dalam / Insole):</h3>
<ul>
  <li><strong>Saiz 39:</strong> 24.5 cm</li>
  <li><strong>Saiz 40:</strong> 25.0 cm</li>
  <li><strong>Saiz 41:</strong> 25.5 cm</li>
  <li><strong>Saiz 42:</strong> 26.0 cm</li>
  <li><strong>Saiz 43:</strong> 26.5 cm</li>
  <li><strong>Saiz 44:</strong> 27.0 cm</li>
</ul>
<p><em>*Tip Saiz: Jika bentuk kaki anda lebar (wide feet), kami cadangkan ambil 1 saiz lebih besar untuk keselesaan optimum.</em></p>","Elfy Quantum Sprint K18 Sneakers - Kasut Kasual Trail Lelaki Ringan Malaysia - Elfy Official","Beli Elfy Quantum Sprint K18 Sneakers di Malaysia. Kasut kasual trail lelaki ringan dengan cengkaman pelbagai permukaan jalan & lantai."
"sepatu-pria-k19-sneakers-sport-casual","Elfy Urban Lite K19 Sneakers","<p><strong>Elfy Urban Lite K19 Sneakers</strong> direka khas untuk lelaki moden Malaysia yang mengutamakan keselesaan maksima sepanjang hari, sama ada untuk kerja, bersiar-siar, mahupun bersukan kasual. Dibina dengan fabrik mesh bernafas (breathable) yang sejuk dan tapak getah anti-gelincir berdaya cengkaman tinggi, sesuai untuk cuaca panas dan hujan di Malaysia.</p>

<h3>Kelebihan &amp; Spesifikasi Utama:</h3>
<ul>
  <li><strong>Reka bentuk minimalist bersih tanpa corak berlebihan:</strong> </li>
  <li><strong>Berat ultra-ringan yang memberikan kebebasan melangkah:</strong> </li>
  <li><strong>Tapak fleksibel boleh dibengkokkan mengikut pergerakan kaki:</strong> </li>
  <li><strong>Insole antibakteria yang boleh ditanggalkan untuk dicuci:</strong> </li>
</ul>

<h3>Jaminan &amp; Kelebihan Servis ELFY Malaysia:</h3>
<ul>
  <li>🚚 <strong>Penghantaran Pantas:</strong> 1-3 hari bekerja untuk Semenanjung (Pos Laju / J&amp;T). Penghantaran Percuma untuk pesanan RM150 ke atas!</li>
  <li>🔄 <strong>Jaminan Tukar Saiz 7 Hari Percuma:</strong> Jika saiz kurang muat, proses penukaran saiz pantas dan mudah tanpa soalan.</li>
  <li>📦 <strong>100% Ready Stock Malaysia:</strong> Dihantar terus dari gudang tempatan (bukan dropship luar negara).</li>
  <li>🎁 <strong>Pakej Eksklusif:</strong> Didatangkan dalam Kotak Kasut Khas ELFY &amp; pembungkusan bubble wrap tebal.</li>
</ul>

<h3>Panduan Memilih Saiz (Ukuran Tapak Kaki Dalam / Insole):</h3>
<ul>
  <li><strong>Saiz 39:</strong> 24.5 cm</li>
  <li><strong>Saiz 40:</strong> 25.0 cm</li>
  <li><strong>Saiz 41:</strong> 25.5 cm</li>
  <li><strong>Saiz 42:</strong> 26.0 cm</li>
  <li><strong>Saiz 43:</strong> 26.5 cm</li>
  <li><strong>Saiz 44:</strong> 27.0 cm</li>
</ul>
<p><em>*Tip Saiz: Jika bentuk kaki anda lebar (wide feet), kami cadangkan ambil 1 saiz lebih besar untuk keselesaan optimum.</em></p>","Elfy Urban Lite K19 Sneakers - Kasut Minimalist Lelaki Ringan Malaysia - Elfy Official","Beli Elfy Urban Lite K19 Sneakers di Malaysia. Kasut sneakers lelaki minimalist ultra-ringan, kemas dan selesa dipadankan dengan apa jua pakaian."
"sepatu-pria-k20-sneakers-sport-casual","Elfy Stealth Walk K20 Sneakers","<p><strong>Elfy Stealth Walk K20 Sneakers</strong> direka khas untuk lelaki moden Malaysia yang mengutamakan keselesaan maksima sepanjang hari, sama ada untuk kerja, bersiar-siar, mahupun bersukan kasual. Dibina dengan fabrik mesh bernafas (breathable) yang sejuk dan tapak getah anti-gelincir berdaya cengkaman tinggi, sesuai untuk cuaca panas dan hujan di Malaysia.</p>

<h3>Kelebihan &amp; Spesifikasi Utama:</h3>
<ul>
  <li><strong>Tapak getah anti-gelincir Stealth Grip dengan cengkaman senyap dan padu:</strong> </li>
  <li><strong>Fabrik bahagian atas tahan calar dan mudah dijaga:</strong> </li>
  <li><strong>Lapisan dalaman lembut mengelakkan melecet di bahagian tumit:</strong> </li>
  <li><strong>Warna monokrom maskulin yang mudah dipadankan:</strong> </li>
</ul>

<h3>Jaminan &amp; Kelebihan Servis ELFY Malaysia:</h3>
<ul>
  <li>🚚 <strong>Penghantaran Pantas:</strong> 1-3 hari bekerja untuk Semenanjung (Pos Laju / J&amp;T). Penghantaran Percuma untuk pesanan RM150 ke atas!</li>
  <li>🔄 <strong>Jaminan Tukar Saiz 7 Hari Percuma:</strong> Jika saiz kurang muat, proses penukaran saiz pantas dan mudah tanpa soalan.</li>
  <li>📦 <strong>100% Ready Stock Malaysia:</strong> Dihantar terus dari gudang tempatan (bukan dropship luar negara).</li>
  <li>🎁 <strong>Pakej Eksklusif:</strong> Didatangkan dalam Kotak Kasut Khas ELFY &amp; pembungkusan bubble wrap tebal.</li>
</ul>

<h3>Panduan Memilih Saiz (Ukuran Tapak Kaki Dalam / Insole):</h3>
<ul>
  <li><strong>Saiz 39:</strong> 24.5 cm</li>
  <li><strong>Saiz 40:</strong> 25.0 cm</li>
  <li><strong>Saiz 41:</strong> 25.5 cm</li>
  <li><strong>Saiz 42:</strong> 26.0 cm</li>
  <li><strong>Saiz 43:</strong> 26.5 cm</li>
  <li><strong>Saiz 44:</strong> 27.0 cm</li>
</ul>
<p><em>*Tip Saiz: Jika bentuk kaki anda lebar (wide feet), kami cadangkan ambil 1 saiz lebih besar untuk keselesaan optimum.</em></p>","Elfy Stealth Walk K20 Sneakers - Kasut Anti Gelincir Lelaki Harian Malaysia - Elfy Official","Beli Elfy Stealth Walk K20 Sneakers di Malaysia. Kasut sneakers lelaki tapak anti-gelincir mantap, senyap & selesa untuk kerja dan riadah."
"sepatu-pria-k21-sneakers-sport-casual","Elfy Velocity Wave K21 Sneakers","<p><strong>Elfy Velocity Wave K21 Sneakers</strong> direka khas untuk lelaki moden Malaysia yang mengutamakan keselesaan maksima sepanjang hari, sama ada untuk kerja, bersiar-siar, mahupun bersukan kasual. Dibina dengan fabrik mesh bernafas (breathable) yang sejuk dan tapak getah anti-gelincir berdaya cengkaman tinggi, sesuai untuk cuaca panas dan hujan di Malaysia.</p>

<h3>Kelebihan &amp; Spesifikasi Utama:</h3>
<ul>
  <li><strong>Sistem sokongan lengkung kaki Velocity Wave melegakan tekanan tapak kaki:</strong> </li>
  <li><strong>Sangat disyorkan bagi mereka yang banyak berdiri atau berjalan semasa bekerja:</strong> </li>
  <li><strong>Pengudaraan mikro menjaga kesegaran kaki sepanjang masa:</strong> </li>
  <li><strong>Tapak getah fleksibel berkualiti tinggi:</strong> </li>
</ul>

<h3>Jaminan &amp; Kelebihan Servis ELFY Malaysia:</h3>
<ul>
  <li>🚚 <strong>Penghantaran Pantas:</strong> 1-3 hari bekerja untuk Semenanjung (Pos Laju / J&amp;T). Penghantaran Percuma untuk pesanan RM150 ke atas!</li>
  <li>🔄 <strong>Jaminan Tukar Saiz 7 Hari Percuma:</strong> Jika saiz kurang muat, proses penukaran saiz pantas dan mudah tanpa soalan.</li>
  <li>📦 <strong>100% Ready Stock Malaysia:</strong> Dihantar terus dari gudang tempatan (bukan dropship luar negara).</li>
  <li>🎁 <strong>Pakej Eksklusif:</strong> Didatangkan dalam Kotak Kasut Khas ELFY &amp; pembungkusan bubble wrap tebal.</li>
</ul>

<h3>Panduan Memilih Saiz (Ukuran Tapak Kaki Dalam / Insole):</h3>
<ul>
  <li><strong>Saiz 39:</strong> 24.5 cm</li>
  <li><strong>Saiz 40:</strong> 25.0 cm</li>
  <li><strong>Saiz 41:</strong> 25.5 cm</li>
  <li><strong>Saiz 42:</strong> 26.0 cm</li>
  <li><strong>Saiz 43:</strong> 26.5 cm</li>
  <li><strong>Saiz 44:</strong> 27.0 cm</li>
</ul>
<p><em>*Tip Saiz: Jika bentuk kaki anda lebar (wide feet), kami cadangkan ambil 1 saiz lebih besar untuk keselesaan optimum.</em></p>","Elfy Velocity Wave K21 Sneakers - Kasut Sokongan Lengkung Kaki Lelaki Malaysia - Elfy Official","Beli Elfy Velocity Wave K21 Sneakers di Malaysia. Kasut sneakers sokongan lengkung kaki (arch support) untuk kurangkan lenguh berdiri lama."
"sepatu-pria-k22-sneakers-sport-casual","Elfy Breeze Flex K22 Sneakers","<p><strong>Elfy Breeze Flex K22 Sneakers</strong> direka khas untuk lelaki moden Malaysia yang mengutamakan keselesaan maksima sepanjang hari, sama ada untuk kerja, bersiar-siar, mahupun bersukan kasual. Dibina dengan fabrik mesh bernafas (breathable) yang sejuk dan tapak getah anti-gelincir berdaya cengkaman tinggi, sesuai untuk cuaca panas dan hujan di Malaysia.</p>

<h3>Kelebihan &amp; Spesifikasi Utama:</h3>
<ul>
  <li><strong>Berat featherlight seringan bulu untuk pengalaman melangkah tanpa beban:</strong> </li>
  <li><strong>Jaringan fabrik Breeze Mesh yang sangat sejuk:</strong> </li>
  <li><strong>Tapak fleksibel 360 darjah yang mengikut pergerakan kaki:</strong> </li>
  <li><strong>Pilihan tepat untuk cuaca panas terik Malaysia:</strong> </li>
</ul>

<h3>Jaminan &amp; Kelebihan Servis ELFY Malaysia:</h3>
<ul>
  <li>🚚 <strong>Penghantaran Pantas:</strong> 1-3 hari bekerja untuk Semenanjung (Pos Laju / J&amp;T). Penghantaran Percuma untuk pesanan RM150 ke atas!</li>
  <li>🔄 <strong>Jaminan Tukar Saiz 7 Hari Percuma:</strong> Jika saiz kurang muat, proses penukaran saiz pantas dan mudah tanpa soalan.</li>
  <li>📦 <strong>100% Ready Stock Malaysia:</strong> Dihantar terus dari gudang tempatan (bukan dropship luar negara).</li>
  <li>🎁 <strong>Pakej Eksklusif:</strong> Didatangkan dalam Kotak Kasut Khas ELFY &amp; pembungkusan bubble wrap tebal.</li>
</ul>

<h3>Panduan Memilih Saiz (Ukuran Tapak Kaki Dalam / Insole):</h3>
<ul>
  <li><strong>Saiz 39:</strong> 24.5 cm</li>
  <li><strong>Saiz 40:</strong> 25.0 cm</li>
  <li><strong>Saiz 41:</strong> 25.5 cm</li>
  <li><strong>Saiz 42:</strong> 26.0 cm</li>
  <li><strong>Saiz 43:</strong> 26.5 cm</li>
  <li><strong>Saiz 44:</strong> 27.0 cm</li>
</ul>
<p><em>*Tip Saiz: Jika bentuk kaki anda lebar (wide feet), kami cadangkan ambil 1 saiz lebih besar untuk keselesaan optimum.</em></p>","Elfy Breeze Flex K22 Sneakers - Kasut Lelaki Ringan Bagai Bulu Malaysia - Elfy Official","Beli Elfy Breeze Flex K22 Sneakers di Malaysia. Kasut sneakers lelaki featherlight super ringan, bernafas dan amat fleksibel untuk gaya santai."
"sepatu-pria-k23-sneakers-sport-casual","Elfy Pulse Core K23 Sneakers","<p><strong>Elfy Pulse Core K23 Sneakers</strong> direka khas untuk lelaki moden Malaysia yang mengutamakan keselesaan maksima sepanjang hari, sama ada untuk kerja, bersiar-siar, mahupun bersukan kasual. Dibina dengan fabrik mesh bernafas (breathable) yang sejuk dan tapak getah anti-gelincir berdaya cengkaman tinggi, sesuai untuk cuaca panas dan hujan di Malaysia.</p>

<h3>Kelebihan &amp; Spesifikasi Utama:</h3>
<ul>
  <li><strong>Kusyen Pulse Core berprestasi tinggi untuk penyerapan impak maksimum:</strong> </li>
  <li><strong>Kestabilan lateral diperkukuh untuk pergerakan yakin:</strong> </li>
  <li><strong>Fabrik luaran tahan lasak dan mudah dibersihkan:</strong> </li>
  <li><strong>Reka bentuk moden yang menarik perhatian:</strong> </li>
</ul>

<h3>Jaminan &amp; Kelebihan Servis ELFY Malaysia:</h3>
<ul>
  <li>🚚 <strong>Penghantaran Pantas:</strong> 1-3 hari bekerja untuk Semenanjung (Pos Laju / J&amp;T). Penghantaran Percuma untuk pesanan RM150 ke atas!</li>
  <li>🔄 <strong>Jaminan Tukar Saiz 7 Hari Percuma:</strong> Jika saiz kurang muat, proses penukaran saiz pantas dan mudah tanpa soalan.</li>
  <li>📦 <strong>100% Ready Stock Malaysia:</strong> Dihantar terus dari gudang tempatan (bukan dropship luar negara).</li>
  <li>🎁 <strong>Pakej Eksklusif:</strong> Didatangkan dalam Kotak Kasut Khas ELFY &amp; pembungkusan bubble wrap tebal.</li>
</ul>

<h3>Panduan Memilih Saiz (Ukuran Tapak Kaki Dalam / Insole):</h3>
<ul>
  <li><strong>Saiz 39:</strong> 24.5 cm</li>
  <li><strong>Saiz 40:</strong> 25.0 cm</li>
  <li><strong>Saiz 41:</strong> 25.5 cm</li>
  <li><strong>Saiz 42:</strong> 26.0 cm</li>
  <li><strong>Saiz 43:</strong> 26.5 cm</li>
  <li><strong>Saiz 44:</strong> 27.0 cm</li>
</ul>
<p><em>*Tip Saiz: Jika bentuk kaki anda lebar (wide feet), kami cadangkan ambil 1 saiz lebih besar untuk keselesaan optimum.</em></p>","Elfy Pulse Core K23 Sneakers - Kasut Kusyen Bertenaga Lelaki Malaysia - Elfy Official","Beli Elfy Pulse Core K23 Sneakers di Malaysia. Kasut sneakers lelaki kusyen bertenaga, menyerap tekanan hentakan dan selesa berjalan seharian."
"sepatu-pria-k24-sneakers-sport-casual","Elfy Strato Max K24 Sneakers","<p><strong>Elfy Strato Max K24 Sneakers</strong> direka khas untuk lelaki moden Malaysia yang mengutamakan keselesaan maksima sepanjang hari, sama ada untuk kerja, bersiar-siar, mahupun bersukan kasual. Dibina dengan fabrik mesh bernafas (breathable) yang sejuk dan tapak getah anti-gelincir berdaya cengkaman tinggi, sesuai untuk cuaca panas dan hujan di Malaysia.</p>

<h3>Kelebihan &amp; Spesifikasi Utama:</h3>
<ul>
  <li><strong>Cengkaman getah diperkukuh (Reinforced Grip) untuk keselamatan optimum:</strong> </li>
  <li><strong>Binaan tapak tebal menyerap tekanan ketika melangkah laju:</strong> </li>
  <li><strong>Mesh bernafas yang menolak haba panas keluar:</strong> </li>
  <li><strong>Sesuai untuk aktiviti lasak mahupun pemakaian harian:</strong> </li>
</ul>

<h3>Jaminan &amp; Kelebihan Servis ELFY Malaysia:</h3>
<ul>
  <li>🚚 <strong>Penghantaran Pantas:</strong> 1-3 hari bekerja untuk Semenanjung (Pos Laju / J&amp;T). Penghantaran Percuma untuk pesanan RM150 ke atas!</li>
  <li>🔄 <strong>Jaminan Tukar Saiz 7 Hari Percuma:</strong> Jika saiz kurang muat, proses penukaran saiz pantas dan mudah tanpa soalan.</li>
  <li>📦 <strong>100% Ready Stock Malaysia:</strong> Dihantar terus dari gudang tempatan (bukan dropship luar negara).</li>
  <li>🎁 <strong>Pakej Eksklusif:</strong> Didatangkan dalam Kotak Kasut Khas ELFY &amp; pembungkusan bubble wrap tebal.</li>
</ul>

<h3>Panduan Memilih Saiz (Ukuran Tapak Kaki Dalam / Insole):</h3>
<ul>
  <li><strong>Saiz 39:</strong> 24.5 cm</li>
  <li><strong>Saiz 40:</strong> 25.0 cm</li>
  <li><strong>Saiz 41:</strong> 25.5 cm</li>
  <li><strong>Saiz 42:</strong> 26.0 cm</li>
  <li><strong>Saiz 43:</strong> 26.5 cm</li>
  <li><strong>Saiz 44:</strong> 27.0 cm</li>
</ul>
<p><em>*Tip Saiz: Jika bentuk kaki anda lebar (wide feet), kami cadangkan ambil 1 saiz lebih besar untuk keselesaan optimum.</em></p>","Elfy Strato Max K24 Sneakers - Kasut Cengkaman Kuat Lelaki Malaysia - Elfy Official","Beli Elfy Strato Max K24 Sneakers di Malaysia. Kasut sneakers cengkaman diperkukuh, tapak getah tahan lasak & kusyen tumit empuk bergaya aktif."
"sepatu-pria-k25-sneakers-sport-casual","Elfy Orbit Edge K25 Sneakers","<p><strong>Elfy Orbit Edge K25 Sneakers</strong> direka khas untuk lelaki moden Malaysia yang mengutamakan keselesaan maksima sepanjang hari, sama ada untuk kerja, bersiar-siar, mahupun bersukan kasual. Dibina dengan fabrik mesh bernafas (breathable) yang sejuk dan tapak getah anti-gelincir berdaya cengkaman tinggi, sesuai untuk cuaca panas dan hujan di Malaysia.</p>

<h3>Kelebihan &amp; Spesifikasi Utama:</h3>
<ul>
  <li><strong>Reka bentuk kontemporari dengan aksen garisan moden yang kemas:</strong> </li>
  <li><strong>Gabungan material berkualiti tinggi tahan koyak:</strong> </li>
  <li><strong>Kusyen dalaman empuk untuk keselesaan pemakaian seharian:</strong> </li>
  <li><strong>Tapak anti-gelincir yang selamat di pelbagai jenis lantai:</strong> </li>
</ul>

<h3>Jaminan &amp; Kelebihan Servis ELFY Malaysia:</h3>
<ul>
  <li>🚚 <strong>Penghantaran Pantas:</strong> 1-3 hari bekerja untuk Semenanjung (Pos Laju / J&amp;T). Penghantaran Percuma untuk pesanan RM150 ke atas!</li>
  <li>🔄 <strong>Jaminan Tukar Saiz 7 Hari Percuma:</strong> Jika saiz kurang muat, proses penukaran saiz pantas dan mudah tanpa soalan.</li>
  <li>📦 <strong>100% Ready Stock Malaysia:</strong> Dihantar terus dari gudang tempatan (bukan dropship luar negara).</li>
  <li>🎁 <strong>Pakej Eksklusif:</strong> Didatangkan dalam Kotak Kasut Khas ELFY &amp; pembungkusan bubble wrap tebal.</li>
</ul>

<h3>Panduan Memilih Saiz (Ukuran Tapak Kaki Dalam / Insole):</h3>
<ul>
  <li><strong>Saiz 39:</strong> 24.5 cm</li>
  <li><strong>Saiz 40:</strong> 25.0 cm</li>
  <li><strong>Saiz 41:</strong> 25.5 cm</li>
  <li><strong>Saiz 42:</strong> 26.0 cm</li>
  <li><strong>Saiz 43:</strong> 26.5 cm</li>
  <li><strong>Saiz 44:</strong> 27.0 cm</li>
</ul>
<p><em>*Tip Saiz: Jika bentuk kaki anda lebar (wide feet), kami cadangkan ambil 1 saiz lebih besar untuk keselesaan optimum.</em></p>","Elfy Orbit Edge K25 Sneakers - Kasut Street Casual Lelaki Moden Malaysia - Elfy Official","Beli Elfy Orbit Edge K25 Sneakers di Malaysia. Kasut street casual kontemporari lelaki dengan rekaan garisan moden, selesa & bergaya trendy."
"sepatu-pria-k26-sneakers-sport-casual","Elfy Gravity Zero K26 Sneakers","<p><strong>Elfy Gravity Zero K26 Sneakers</strong> direka khas untuk lelaki moden Malaysia yang mengutamakan keselesaan maksima sepanjang hari, sama ada untuk kerja, bersiar-siar, mahupun bersukan kasual. Dibina dengan fabrik mesh bernafas (breathable) yang sejuk dan tapak getah anti-gelincir berdaya cengkaman tinggi, sesuai untuk cuaca panas dan hujan di Malaysia.</p>

<h3>Kelebihan &amp; Spesifikasi Utama:</h3>
<ul>
  <li><strong>Kusyen beg udara Gravity Zero pada bahagian tumit untuk penyerapan impak luar biasa:</strong> </li>
  <li><strong>Fabrik jaring rajutan kemas yang menyokong bentuk kaki:</strong> </li>
  <li><strong>Tapak getah berketahanan tinggi dengan cengkaman mantap:</strong> </li>
  <li><strong>Reka bentuk futuristik yang menonjolkan gaya maskulin:</strong> </li>
</ul>

<h3>Jaminan &amp; Kelebihan Servis ELFY Malaysia:</h3>
<ul>
  <li>🚚 <strong>Penghantaran Pantas:</strong> 1-3 hari bekerja untuk Semenanjung (Pos Laju / J&amp;T). Penghantaran Percuma untuk pesanan RM150 ke atas!</li>
  <li>🔄 <strong>Jaminan Tukar Saiz 7 Hari Percuma:</strong> Jika saiz kurang muat, proses penukaran saiz pantas dan mudah tanpa soalan.</li>
  <li>📦 <strong>100% Ready Stock Malaysia:</strong> Dihantar terus dari gudang tempatan (bukan dropship luar negara).</li>
  <li>🎁 <strong>Pakej Eksklusif:</strong> Didatangkan dalam Kotak Kasut Khas ELFY &amp; pembungkusan bubble wrap tebal.</li>
</ul>

<h3>Panduan Memilih Saiz (Ukuran Tapak Kaki Dalam / Insole):</h3>
<ul>
  <li><strong>Saiz 39:</strong> 24.5 cm</li>
  <li><strong>Saiz 40:</strong> 25.0 cm</li>
  <li><strong>Saiz 41:</strong> 25.5 cm</li>
  <li><strong>Saiz 42:</strong> 26.0 cm</li>
  <li><strong>Saiz 43:</strong> 26.5 cm</li>
  <li><strong>Saiz 44:</strong> 27.0 cm</li>
</ul>
<p><em>*Tip Saiz: Jika bentuk kaki anda lebar (wide feet), kami cadangkan ambil 1 saiz lebih besar untuk keselesaan optimum.</em></p>","Elfy Gravity Zero K26 Sneakers - Kasut Air Cushion Lelaki Malaysia - Elfy Official","Beli Elfy Gravity Zero K26 Sneakers di Malaysia. Kasut sneakers berteknologi beg udara (Air-Cushion), langkah terasa ringan tanpa graviti."
"sepatu-pria-k27-sneakers-sport-casual","Elfy Nova Speed K27 Sneakers","<p><strong>Elfy Nova Speed K27 Sneakers</strong> direka khas untuk lelaki moden Malaysia yang mengutamakan keselesaan maksima sepanjang hari, sama ada untuk kerja, bersiar-siar, mahupun bersukan kasual. Dibina dengan fabrik mesh bernafas (breathable) yang sejuk dan tapak getah anti-gelincir berdaya cengkaman tinggi, sesuai untuk cuaca panas dan hujan di Malaysia.</p>

<h3>Kelebihan &amp; Spesifikasi Utama:</h3>
<ul>
  <li><strong>Buih tapak tengah Nova Foam yang sangat anjal dan responsif:</strong> </li>
  <li><strong>Jaringan atas berudara bebas untuk keselesaan tanpa kelembapan:</strong> </li>
  <li><strong>Rekaan tirus moden yang memberikan sokongan optimum pada buku lali:</strong> </li>
  <li><strong>Tapak tahan geseran dengan bunga cengkaman terbukti:</strong> </li>
</ul>

<h3>Jaminan &amp; Kelebihan Servis ELFY Malaysia:</h3>
<ul>
  <li>🚚 <strong>Penghantaran Pantas:</strong> 1-3 hari bekerja untuk Semenanjung (Pos Laju / J&amp;T). Penghantaran Percuma untuk pesanan RM150 ke atas!</li>
  <li>🔄 <strong>Jaminan Tukar Saiz 7 Hari Percuma:</strong> Jika saiz kurang muat, proses penukaran saiz pantas dan mudah tanpa soalan.</li>
  <li>📦 <strong>100% Ready Stock Malaysia:</strong> Dihantar terus dari gudang tempatan (bukan dropship luar negara).</li>
  <li>🎁 <strong>Pakej Eksklusif:</strong> Didatangkan dalam Kotak Kasut Khas ELFY &amp; pembungkusan bubble wrap tebal.</li>
</ul>

<h3>Panduan Memilih Saiz (Ukuran Tapak Kaki Dalam / Insole):</h3>
<ul>
  <li><strong>Saiz 39:</strong> 24.5 cm</li>
  <li><strong>Saiz 40:</strong> 25.0 cm</li>
  <li><strong>Saiz 41:</strong> 25.5 cm</li>
  <li><strong>Saiz 42:</strong> 26.0 cm</li>
  <li><strong>Saiz 43:</strong> 26.5 cm</li>
  <li><strong>Saiz 44:</strong> 27.0 cm</li>
</ul>
<p><em>*Tip Saiz: Jika bentuk kaki anda lebar (wide feet), kami cadangkan ambil 1 saiz lebih besar untuk keselesaan optimum.</em></p>","Elfy Nova Speed K27 Sneakers - Kasut Responsive Foam Lelaki Malaysia - Elfy Official","Beli Elfy Nova Speed K27 Sneakers di Malaysia. Kasut sneakers buih responsif Nova Speed, lantunan lembut untuk berjalan jauh dan berjoging."
"sepatu-pria-k28-sneakers-sport-casual","Elfy HyperTrack K28 Terrain Sneakers","<p><strong>Elfy HyperTrack K28 Terrain Sneakers</strong> direka khas untuk lelaki moden Malaysia yang mengutamakan keselesaan maksima sepanjang hari, sama ada untuk kerja, bersiar-siar, mahupun bersukan kasual. Dibina dengan fabrik mesh bernafas (breathable) yang sejuk dan tapak getah anti-gelincir berdaya cengkaman tinggi, sesuai untuk cuaca panas dan hujan di Malaysia.</p>

<h3>Kelebihan &amp; Spesifikasi Utama:</h3>
<ul>
  <li><strong>Tapak Multi-Terrain direka untuk bertahan di laluan tar, simen mahupun batu kelikir:</strong> </li>
  <li><strong>Bahan luaran HyperTrack yang tahan lasak dan tidak mudah koyak:</strong> </li>
  <li><strong>Kusyen dalaman tebal mengurangkan impak ketika melangkah jauh:</strong> </li>
  <li><strong>Sesuai untuk lelaki yang mendambakan kasut kukuh dan lasak:</strong> </li>
</ul>

<h3>Jaminan &amp; Kelebihan Servis ELFY Malaysia:</h3>
<ul>
  <li>🚚 <strong>Penghantaran Pantas:</strong> 1-3 hari bekerja untuk Semenanjung (Pos Laju / J&amp;T). Penghantaran Percuma untuk pesanan RM150 ke atas!</li>
  <li>🔄 <strong>Jaminan Tukar Saiz 7 Hari Percuma:</strong> Jika saiz kurang muat, proses penukaran saiz pantas dan mudah tanpa soalan.</li>
  <li>📦 <strong>100% Ready Stock Malaysia:</strong> Dihantar terus dari gudang tempatan (bukan dropship luar negara).</li>
  <li>🎁 <strong>Pakej Eksklusif:</strong> Didatangkan dalam Kotak Kasut Khas ELFY &amp; pembungkusan bubble wrap tebal.</li>
</ul>

<h3>Panduan Memilih Saiz (Ukuran Tapak Kaki Dalam / Insole):</h3>
<ul>
  <li><strong>Saiz 39:</strong> 24.5 cm</li>
  <li><strong>Saiz 40:</strong> 25.0 cm</li>
  <li><strong>Saiz 41:</strong> 25.5 cm</li>
  <li><strong>Saiz 42:</strong> 26.0 cm</li>
  <li><strong>Saiz 43:</strong> 26.5 cm</li>
  <li><strong>Saiz 44:</strong> 27.0 cm</li>
</ul>
<p><em>*Tip Saiz: Jika bentuk kaki anda lebar (wide feet), kami cadangkan ambil 1 saiz lebih besar untuk keselesaan optimum.</em></p>","Elfy HyperTrack K28 Terrain Sneakers - Kasut Tahan Lasak Lelaki Malaysia - Elfy Official","Beli Elfy HyperTrack K28 Terrain Sneakers di Malaysia. Kasut sneakers tahan lasak serba medan, tapak cengkaman padu & perlindungan kaki maksima."
"sepatu-pria-k29-sneakers-sport-casual","Elfy Eclipse Step K29 Sneakers","<p><strong>Elfy Eclipse Step K29 Sneakers</strong> direka khas untuk lelaki moden Malaysia yang mengutamakan keselesaan maksima sepanjang hari, sama ada untuk kerja, bersiar-siar, mahupun bersukan kasual. Dibina dengan fabrik mesh bernafas (breathable) yang sejuk dan tapak getah anti-gelincir berdaya cengkaman tinggi, sesuai untuk cuaca panas dan hujan di Malaysia.</p>

<h3>Kelebihan &amp; Spesifikasi Utama:</h3>
<ul>
  <li><strong>Siluet ramping dan kemas sesuai untuk padanan kasual pejabat mahupun lepak santai:</strong> </li>
  <li><strong>Fabrik pengudaraan Eclipse Mesh yang sejuk sepanjang hari:</strong> </li>
  <li><strong>Tapak getah cengkaman rata yang stabil dan anti-slip:</strong> </li>
  <li><strong>Pelapik dalam empuk yang menampung berat badan dengan seimbang:</strong> </li>
</ul>

<h3>Jaminan &amp; Kelebihan Servis ELFY Malaysia:</h3>
<ul>
  <li>🚚 <strong>Penghantaran Pantas:</strong> 1-3 hari bekerja untuk Semenanjung (Pos Laju / J&amp;T). Penghantaran Percuma untuk pesanan RM150 ke atas!</li>
  <li>🔄 <strong>Jaminan Tukar Saiz 7 Hari Percuma:</strong> Jika saiz kurang muat, proses penukaran saiz pantas dan mudah tanpa soalan.</li>
  <li>📦 <strong>100% Ready Stock Malaysia:</strong> Dihantar terus dari gudang tempatan (bukan dropship luar negara).</li>
  <li>🎁 <strong>Pakej Eksklusif:</strong> Didatangkan dalam Kotak Kasut Khas ELFY &amp; pembungkusan bubble wrap tebal.</li>
</ul>

<h3>Panduan Memilih Saiz (Ukuran Tapak Kaki Dalam / Insole):</h3>
<ul>
  <li><strong>Saiz 39:</strong> 24.5 cm</li>
  <li><strong>Saiz 40:</strong> 25.0 cm</li>
  <li><strong>Saiz 41:</strong> 25.5 cm</li>
  <li><strong>Saiz 42:</strong> 26.0 cm</li>
  <li><strong>Saiz 43:</strong> 26.5 cm</li>
  <li><strong>Saiz 44:</strong> 27.0 cm</li>
</ul>
<p><em>*Tip Saiz: Jika bentuk kaki anda lebar (wide feet), kami cadangkan ambil 1 saiz lebih besar untuk keselesaan optimum.</em></p>","Elfy Eclipse Step K29 Sneakers - Kasut City Sneaker Lelaki Elegan Malaysia - Elfy Official","Beli Elfy Eclipse Step K29 Sneakers di Malaysia. Kasut sneakers bandar rekaan ramping, bernafas & elegan untuk gaya kasual pejabat atau santai."
"sepatu-pria-k30-sneakers-sport-casual","Elfy Vector Prime K30 Sneakers","<p><strong>Elfy Vector Prime K30 Sneakers</strong> direka khas untuk lelaki moden Malaysia yang mengutamakan keselesaan maksima sepanjang hari, sama ada untuk kerja, bersiar-siar, mahupun bersukan kasual. Dibina dengan fabrik mesh bernafas (breathable) yang sejuk dan tapak getah anti-gelincir berdaya cengkaman tinggi, sesuai untuk cuaca panas dan hujan di Malaysia.</p>

<h3>Kelebihan &amp; Spesifikasi Utama:</h3>
<ul>
  <li><strong>Engineered Mesh berlapis memberikan sokongan struktur tanpa menambah berat:</strong> </li>
  <li><strong>Tapak luar Vector Grip dengan corak alur fleksibel:</strong> </li>
  <li><strong>Kusyen tumit tebal menyerap hentakan lantai keras:</strong> </li>
  <li><strong>Penampilan maskulin yang versatil dan moden:</strong> </li>
</ul>

<h3>Jaminan &amp; Kelebihan Servis ELFY Malaysia:</h3>
<ul>
  <li>🚚 <strong>Penghantaran Pantas:</strong> 1-3 hari bekerja untuk Semenanjung (Pos Laju / J&amp;T). Penghantaran Percuma untuk pesanan RM150 ke atas!</li>
  <li>🔄 <strong>Jaminan Tukar Saiz 7 Hari Percuma:</strong> Jika saiz kurang muat, proses penukaran saiz pantas dan mudah tanpa soalan.</li>
  <li>📦 <strong>100% Ready Stock Malaysia:</strong> Dihantar terus dari gudang tempatan (bukan dropship luar negara).</li>
  <li>🎁 <strong>Pakej Eksklusif:</strong> Didatangkan dalam Kotak Kasut Khas ELFY &amp; pembungkusan bubble wrap tebal.</li>
</ul>

<h3>Panduan Memilih Saiz (Ukuran Tapak Kaki Dalam / Insole):</h3>
<ul>
  <li><strong>Saiz 39:</strong> 24.5 cm</li>
  <li><strong>Saiz 40:</strong> 25.0 cm</li>
  <li><strong>Saiz 41:</strong> 25.5 cm</li>
  <li><strong>Saiz 42:</strong> 26.0 cm</li>
  <li><strong>Saiz 43:</strong> 26.5 cm</li>
  <li><strong>Saiz 44:</strong> 27.0 cm</li>
</ul>
<p><em>*Tip Saiz: Jika bentuk kaki anda lebar (wide feet), kami cadangkan ambil 1 saiz lebih besar untuk keselesaan optimum.</em></p>","Elfy Vector Prime K30 Sneakers - Kasut Engineered Mesh Lelaki Malaysia - Elfy Official","Beli Elfy Vector Prime K30 Sneakers di Malaysia. Kasut sukan kasual fabrik jaring kejuruteraan khas, kukuh, anjal & selesa bergerak aktif."
"sepatu-pria-k31-sneakers-sport-casual","Elfy AeroStripe K31 Walking Sneakers","<p><strong>Elfy AeroStripe K31 Walking Sneakers</strong> direka khas untuk lelaki moden Malaysia yang mengutamakan keselesaan maksima sepanjang hari, sama ada untuk kerja, bersiar-siar, mahupun bersukan kasual. Dibina dengan fabrik mesh bernafas (breathable) yang sejuk dan tapak getah anti-gelincir berdaya cengkaman tinggi, sesuai untuk cuaca panas dan hujan di Malaysia.</p>

<h3>Kelebihan &amp; Spesifikasi Utama:</h3>
<ul>
  <li><strong>Reka bentuk ergonomik khas untuk aktiviti berjalan kaki seharian:</strong> </li>
  <li><strong>Jalur sokongan AeroStripe yang menambah kestabilan sisi kaki:</strong> </li>
  <li><strong>Insole berkusyen tebal yang menyerap tekanan badan:</strong> </li>
  <li><strong>Tapak getah anti-gelincir tahan lasak:</strong> </li>
</ul>

<h3>Jaminan &amp; Kelebihan Servis ELFY Malaysia:</h3>
<ul>
  <li>🚚 <strong>Penghantaran Pantas:</strong> 1-3 hari bekerja untuk Semenanjung (Pos Laju / J&amp;T). Penghantaran Percuma untuk pesanan RM150 ke atas!</li>
  <li>🔄 <strong>Jaminan Tukar Saiz 7 Hari Percuma:</strong> Jika saiz kurang muat, proses penukaran saiz pantas dan mudah tanpa soalan.</li>
  <li>📦 <strong>100% Ready Stock Malaysia:</strong> Dihantar terus dari gudang tempatan (bukan dropship luar negara).</li>
  <li>🎁 <strong>Pakej Eksklusif:</strong> Didatangkan dalam Kotak Kasut Khas ELFY &amp; pembungkusan bubble wrap tebal.</li>
</ul>

<h3>Panduan Memilih Saiz (Ukuran Tapak Kaki Dalam / Insole):</h3>
<ul>
  <li><strong>Saiz 39:</strong> 24.5 cm</li>
  <li><strong>Saiz 40:</strong> 25.0 cm</li>
  <li><strong>Saiz 41:</strong> 25.5 cm</li>
  <li><strong>Saiz 42:</strong> 26.0 cm</li>
  <li><strong>Saiz 43:</strong> 26.5 cm</li>
  <li><strong>Saiz 44:</strong> 27.0 cm</li>
</ul>
<p><em>*Tip Saiz: Jika bentuk kaki anda lebar (wide feet), kami cadangkan ambil 1 saiz lebih besar untuk keselesaan optimum.</em></p>","Elfy AeroStripe K31 Walking Sneakers - Kasut Berjalan Lelaki Ergonomik Malaysia - Elfy Official","Beli Elfy AeroStripe K31 Walking Sneakers di Malaysia. Kasut berjalan ergonomik harian, tapak empuk melegakan kaki lenguh untuk kerja dan riadah."
"sepatu-pria-k32-sneakers-sport-casual","Elfy Apex Grip K32 Sneakers","<p><strong>Elfy Apex Grip K32 Sneakers</strong> direka khas untuk lelaki moden Malaysia yang mengutamakan keselesaan maksima sepanjang hari, sama ada untuk kerja, bersiar-siar, mahupun bersukan kasual. Dibina dengan fabrik mesh bernafas (breathable) yang sejuk dan tapak getah anti-gelincir berdaya cengkaman tinggi, sesuai untuk cuaca panas dan hujan di Malaysia.</p>

<h3>Kelebihan &amp; Spesifikasi Utama:</h3>
<ul>
  <li><strong>Teknologi tapak Apex Grip dengan cengkaman getah luar biasa:</strong> </li>
  <li><strong>Sangat selamat digunakan di permukaan lantai licin atau basah:</strong> </li>
  <li><strong>Bahan atas bernafas memastikan kaki tidak panas:</strong> </li>
  <li><strong>Binaan ringan yang memberi keselesaan optimum sepanjang hari:</strong> </li>
</ul>

<h3>Jaminan &amp; Kelebihan Servis ELFY Malaysia:</h3>
<ul>
  <li>🚚 <strong>Penghantaran Pantas:</strong> 1-3 hari bekerja untuk Semenanjung (Pos Laju / J&amp;T). Penghantaran Percuma untuk pesanan RM150 ke atas!</li>
  <li>🔄 <strong>Jaminan Tukar Saiz 7 Hari Percuma:</strong> Jika saiz kurang muat, proses penukaran saiz pantas dan mudah tanpa soalan.</li>
  <li>📦 <strong>100% Ready Stock Malaysia:</strong> Dihantar terus dari gudang tempatan (bukan dropship luar negara).</li>
  <li>🎁 <strong>Pakej Eksklusif:</strong> Didatangkan dalam Kotak Kasut Khas ELFY &amp; pembungkusan bubble wrap tebal.</li>
</ul>

<h3>Panduan Memilih Saiz (Ukuran Tapak Kaki Dalam / Insole):</h3>
<ul>
  <li><strong>Saiz 39:</strong> 24.5 cm</li>
  <li><strong>Saiz 40:</strong> 25.0 cm</li>
  <li><strong>Saiz 41:</strong> 25.5 cm</li>
  <li><strong>Saiz 42:</strong> 26.0 cm</li>
  <li><strong>Saiz 43:</strong> 26.5 cm</li>
  <li><strong>Saiz 44:</strong> 27.0 cm</li>
</ul>
<p><em>*Tip Saiz: Jika bentuk kaki anda lebar (wide feet), kami cadangkan ambil 1 saiz lebih besar untuk keselesaan optimum.</em></p>","Elfy Apex Grip K32 Sneakers - Kasut Tapak Cengkam Anti Slip Lelaki Malaysia - Elfy Official","Beli Elfy Apex Grip K32 Sneakers di Malaysia. Kasut sneakers cengkaman getah anti-slip sepanjang hari, selamat di lantai basah & selesa dipakai."
"sepatu-pria-k33-sneakers-sport-casual","Elfy Flux Runner K33 Sneakers","<p><strong>Elfy Flux Runner K33 Sneakers</strong> direka khas untuk lelaki moden Malaysia yang mengutamakan keselesaan maksima sepanjang hari, sama ada untuk kerja, bersiar-siar, mahupun bersukan kasual. Dibina dengan fabrik mesh bernafas (breathable) yang sejuk dan tapak getah anti-gelincir berdaya cengkaman tinggi, sesuai untuk cuaca panas dan hujan di Malaysia.</p>

<h3>Kelebihan &amp; Spesifikasi Utama:</h3>
<ul>
  <li><strong>Buih Flux Foam yang empuk memberi lantunan tenaga bertenaga:</strong> </li>
  <li><strong>Mesh rajut berdaya pengudaraan tinggi untuk kesegaran kaki:</strong> </li>
  <li><strong>Binaan sokongan buku lali berlapik kemas:</strong> </li>
  <li><strong>Tapak getah kompaun tahan haus untuk jangka hayat panjang:</strong> </li>
</ul>

<h3>Jaminan &amp; Kelebihan Servis ELFY Malaysia:</h3>
<ul>
  <li>🚚 <strong>Penghantaran Pantas:</strong> 1-3 hari bekerja untuk Semenanjung (Pos Laju / J&amp;T). Penghantaran Percuma untuk pesanan RM150 ke atas!</li>
  <li>🔄 <strong>Jaminan Tukar Saiz 7 Hari Percuma:</strong> Jika saiz kurang muat, proses penukaran saiz pantas dan mudah tanpa soalan.</li>
  <li>📦 <strong>100% Ready Stock Malaysia:</strong> Dihantar terus dari gudang tempatan (bukan dropship luar negara).</li>
  <li>🎁 <strong>Pakej Eksklusif:</strong> Didatangkan dalam Kotak Kasut Khas ELFY &amp; pembungkusan bubble wrap tebal.</li>
</ul>

<h3>Panduan Memilih Saiz (Ukuran Tapak Kaki Dalam / Insole):</h3>
<ul>
  <li><strong>Saiz 39:</strong> 24.5 cm</li>
  <li><strong>Saiz 40:</strong> 25.0 cm</li>
  <li><strong>Saiz 41:</strong> 25.5 cm</li>
  <li><strong>Saiz 42:</strong> 26.0 cm</li>
  <li><strong>Saiz 43:</strong> 26.5 cm</li>
  <li><strong>Saiz 44:</strong> 27.0 cm</li>
</ul>
<p><em>*Tip Saiz: Jika bentuk kaki anda lebar (wide feet), kami cadangkan ambil 1 saiz lebih besar untuk keselesaan optimum.</em></p>","Elfy Flux Runner K33 Sneakers - Kasut Foam Responsif Lelaki Malaysia - Elfy Official","Beli Elfy Flux Runner K33 Sneakers di Malaysia. Kasut sneakers buih ultra-responsif Flux Runner, memberi lantunan tenaga segar setiap kali melangkah."
"sepatu-pria-k34-sneakers-sport-casual","Elfy CloudStrut K34 Leisure Sneakers","<p><strong>Elfy CloudStrut K34 Leisure Sneakers</strong> direka khas untuk lelaki moden Malaysia yang mengutamakan keselesaan maksima sepanjang hari, sama ada untuk kerja, bersiar-siar, mahupun bersukan kasual. Dibina dengan fabrik mesh bernafas (breathable) yang sejuk dan tapak getah anti-gelincir berdaya cengkaman tinggi, sesuai untuk cuaca panas dan hujan di Malaysia.</p>

<h3>Kelebihan &amp; Spesifikasi Utama:</h3>
<ul>
  <li><strong>Insole CloudStrut selembut span mengurangkan rasa sakit tapak kaki:</strong> </li>
  <li><strong>Gaya leisure kasual yang santai dan bergaya:</strong> </li>
  <li><strong>Fabrik bahagian atas anjal mengikut pergerakan kaki:</strong> </li>
  <li><strong>Tapak luar fleksibel yang menyerap tekanan dengan baik:</strong> </li>
</ul>

<h3>Jaminan &amp; Kelebihan Servis ELFY Malaysia:</h3>
<ul>
  <li>🚚 <strong>Penghantaran Pantas:</strong> 1-3 hari bekerja untuk Semenanjung (Pos Laju / J&amp;T). Penghantaran Percuma untuk pesanan RM150 ke atas!</li>
  <li>🔄 <strong>Jaminan Tukar Saiz 7 Hari Percuma:</strong> Jika saiz kurang muat, proses penukaran saiz pantas dan mudah tanpa soalan.</li>
  <li>📦 <strong>100% Ready Stock Malaysia:</strong> Dihantar terus dari gudang tempatan (bukan dropship luar negara).</li>
  <li>🎁 <strong>Pakej Eksklusif:</strong> Didatangkan dalam Kotak Kasut Khas ELFY &amp; pembungkusan bubble wrap tebal.</li>
</ul>

<h3>Panduan Memilih Saiz (Ukuran Tapak Kaki Dalam / Insole):</h3>
<ul>
  <li><strong>Saiz 39:</strong> 24.5 cm</li>
  <li><strong>Saiz 40:</strong> 25.0 cm</li>
  <li><strong>Saiz 41:</strong> 25.5 cm</li>
  <li><strong>Saiz 42:</strong> 26.0 cm</li>
  <li><strong>Saiz 43:</strong> 26.5 cm</li>
  <li><strong>Saiz 44:</strong> 27.0 cm</li>
</ul>
<p><em>*Tip Saiz: Jika bentuk kaki anda lebar (wide feet), kami cadangkan ambil 1 saiz lebih besar untuk keselesaan optimum.</em></p>","Elfy CloudStrut K34 Leisure Sneakers - Kasut Kasual Insole Lembut Lelaki Malaysia - Elfy Official","Beli Elfy CloudStrut K34 Leisure Sneakers di Malaysia. Kasut sneakers santai dengan insole lembut bak kapas, nikmati keselesaan berjalan tanpa penat."
"sepatu-pria-k35-sneakers-sport-casual","Elfy Matrix Walk K35 Sneakers","<p><strong>Elfy Matrix Walk K35 Sneakers</strong> direka khas untuk lelaki moden Malaysia yang mengutamakan keselesaan maksima sepanjang hari, sama ada untuk kerja, bersiar-siar, mahupun bersukan kasual. Dibina dengan fabrik mesh bernafas (breathable) yang sejuk dan tapak getah anti-gelincir berdaya cengkaman tinggi, sesuai untuk cuaca panas dan hujan di Malaysia.</p>

<h3>Kelebihan &amp; Spesifikasi Utama:</h3>
<ul>
  <li><strong>Corak tapak geometrik Matrix yang memecah aliran air untuk cengkaman maksimum:</strong> </li>
  <li><strong>Bahan luaran tahan lasak dengan pengudaraan seimbang:</strong> </li>
  <li><strong>Kusyen tapak tengah menyerap gegaran dengan berkesan:</strong> </li>
  <li><strong>Sesuai untuk pemakaian harian santai dan kerja kasual:</strong> </li>
</ul>

<h3>Jaminan &amp; Kelebihan Servis ELFY Malaysia:</h3>
<ul>
  <li>🚚 <strong>Penghantaran Pantas:</strong> 1-3 hari bekerja untuk Semenanjung (Pos Laju / J&amp;T). Penghantaran Percuma untuk pesanan RM150 ke atas!</li>
  <li>🔄 <strong>Jaminan Tukar Saiz 7 Hari Percuma:</strong> Jika saiz kurang muat, proses penukaran saiz pantas dan mudah tanpa soalan.</li>
  <li>📦 <strong>100% Ready Stock Malaysia:</strong> Dihantar terus dari gudang tempatan (bukan dropship luar negara).</li>
  <li>🎁 <strong>Pakej Eksklusif:</strong> Didatangkan dalam Kotak Kasut Khas ELFY &amp; pembungkusan bubble wrap tebal.</li>
</ul>

<h3>Panduan Memilih Saiz (Ukuran Tapak Kaki Dalam / Insole):</h3>
<ul>
  <li><strong>Saiz 39:</strong> 24.5 cm</li>
  <li><strong>Saiz 40:</strong> 25.0 cm</li>
  <li><strong>Saiz 41:</strong> 25.5 cm</li>
  <li><strong>Saiz 42:</strong> 26.0 cm</li>
  <li><strong>Saiz 43:</strong> 26.5 cm</li>
  <li><strong>Saiz 44:</strong> 27.0 cm</li>
</ul>
<p><em>*Tip Saiz: Jika bentuk kaki anda lebar (wide feet), kami cadangkan ambil 1 saiz lebih besar untuk keselesaan optimum.</em></p>","Elfy Matrix Walk K35 Sneakers - Kasut Geometrik Kasual Lelaki Malaysia - Elfy Official","Beli Elfy Matrix Walk K35 Sneakers di Malaysia. Kasut kasual lelaki tapak bunga geometrik Matrix, cengkaman mantap & reka bentuk moden bergaya."
"sepatu-pria-k36-sneakers-sport-casual","Elfy Zen Flow K36 Sneakers","<p><strong>Elfy Zen Flow K36 Sneakers</strong> direka khas untuk lelaki moden Malaysia yang mengutamakan keselesaan maksima sepanjang hari, sama ada untuk kerja, bersiar-siar, mahupun bersukan kasual. Dibina dengan fabrik mesh bernafas (breathable) yang sejuk dan tapak getah anti-gelincir berdaya cengkaman tinggi, sesuai untuk cuaca panas dan hujan di Malaysia.</p>

<h3>Kelebihan &amp; Spesifikasi Utama:</h3>
<ul>
  <li><strong>Sensasi langkah semula jadi barefoot yang bebas dan santai:</strong> </li>
  <li><strong>Tapak ultra-fleksibel yang boleh dilentur sepenuhnya:</strong> </li>
  <li><strong>Bahan fabrik rajut bernafas sejuk dan selesa:</strong> </li>
  <li><strong>Ringan bagai tidak memakai kasut untuk mobiliti santai:</strong> </li>
</ul>

<h3>Jaminan &amp; Kelebihan Servis ELFY Malaysia:</h3>
<ul>
  <li>🚚 <strong>Penghantaran Pantas:</strong> 1-3 hari bekerja untuk Semenanjung (Pos Laju / J&amp;T). Penghantaran Percuma untuk pesanan RM150 ke atas!</li>
  <li>🔄 <strong>Jaminan Tukar Saiz 7 Hari Percuma:</strong> Jika saiz kurang muat, proses penukaran saiz pantas dan mudah tanpa soalan.</li>
  <li>📦 <strong>100% Ready Stock Malaysia:</strong> Dihantar terus dari gudang tempatan (bukan dropship luar negara).</li>
  <li>🎁 <strong>Pakej Eksklusif:</strong> Didatangkan dalam Kotak Kasut Khas ELFY &amp; pembungkusan bubble wrap tebal.</li>
</ul>

<h3>Panduan Memilih Saiz (Ukuran Tapak Kaki Dalam / Insole):</h3>
<ul>
  <li><strong>Saiz 39:</strong> 24.5 cm</li>
  <li><strong>Saiz 40:</strong> 25.0 cm</li>
  <li><strong>Saiz 41:</strong> 25.5 cm</li>
  <li><strong>Saiz 42:</strong> 26.0 cm</li>
  <li><strong>Saiz 43:</strong> 26.5 cm</li>
  <li><strong>Saiz 44:</strong> 27.0 cm</li>
</ul>
<p><em>*Tip Saiz: Jika bentuk kaki anda lebar (wide feet), kami cadangkan ambil 1 saiz lebih besar untuk keselesaan optimum.</em></p>","Elfy Zen Flow K36 Sneakers - Kasut Fleksibel Barefoot Lelaki Malaysia - Elfy Official","Beli Elfy Zen Flow K36 Sneakers di Malaysia. Kasut sneakers sensasi barefoot fleksibel, pergerakan semula jadi kaki tanpa sekatan & amat ringan."
"sepatu-pria-k37-sneakers-sport-casual","Elfy Turbo Drift K37 Sneakers","<p><strong>Elfy Turbo Drift K37 Sneakers</strong> direka khas untuk lelaki moden Malaysia yang mengutamakan keselesaan maksima sepanjang hari, sama ada untuk kerja, bersiar-siar, mahupun bersukan kasual. Dibina dengan fabrik mesh bernafas (breathable) yang sejuk dan tapak getah anti-gelincir berdaya cengkaman tinggi, sesuai untuk cuaca panas dan hujan di Malaysia.</p>

<h3>Kelebihan &amp; Spesifikasi Utama:</h3>
<ul>
  <li><strong>Sistem tali kasut kemas membalut kaki dengan kukuh dan selamat:</strong> </li>
  <li><strong>Kusyen Turbo Drift memberi sokongan lantunan bertenaga:</strong> </li>
  <li><strong>Tapak getah berdaya tahan tinggi menahan geseran jalan raya:</strong> </li>
  <li><strong>Fabrik mesh berliang halus menyejukkan kaki sepanjang masa:</strong> </li>
</ul>

<h3>Jaminan &amp; Kelebihan Servis ELFY Malaysia:</h3>
<ul>
  <li>🚚 <strong>Penghantaran Pantas:</strong> 1-3 hari bekerja untuk Semenanjung (Pos Laju / J&amp;T). Penghantaran Percuma untuk pesanan RM150 ke atas!</li>
  <li>🔄 <strong>Jaminan Tukar Saiz 7 Hari Percuma:</strong> Jika saiz kurang muat, proses penukaran saiz pantas dan mudah tanpa soalan.</li>
  <li>📦 <strong>100% Ready Stock Malaysia:</strong> Dihantar terus dari gudang tempatan (bukan dropship luar negara).</li>
  <li>🎁 <strong>Pakej Eksklusif:</strong> Didatangkan dalam Kotak Kasut Khas ELFY &amp; pembungkusan bubble wrap tebal.</li>
</ul>

<h3>Panduan Memilih Saiz (Ukuran Tapak Kaki Dalam / Insole):</h3>
<ul>
  <li><strong>Saiz 39:</strong> 24.5 cm</li>
  <li><strong>Saiz 40:</strong> 25.0 cm</li>
  <li><strong>Saiz 41:</strong> 25.5 cm</li>
  <li><strong>Saiz 42:</strong> 26.0 cm</li>
  <li><strong>Saiz 43:</strong> 26.5 cm</li>
  <li><strong>Saiz 44:</strong> 27.0 cm</li>
</ul>
<p><em>*Tip Saiz: Jika bentuk kaki anda lebar (wide feet), kami cadangkan ambil 1 saiz lebih besar untuk keselesaan optimum.</em></p>","Elfy Turbo Drift K37 Sneakers - Kasut Lari Bertali Sporty Lelaki Malaysia - Elfy Official","Beli Elfy Turbo Drift K37 Sneakers di Malaysia. Kasut lari bertali sporty lelaki, cengkaman Turbo Drift mantap & kusyen empuk bertenaga."
"sepatu-pria-k38-sneakers-sport-casual","Elfy Summit Pace K38 Sneakers","<p><strong>Elfy Summit Pace K38 Sneakers</strong> direka khas untuk lelaki moden Malaysia yang mengutamakan keselesaan maksima sepanjang hari, sama ada untuk kerja, bersiar-siar, mahupun bersukan kasual. Dibina dengan fabrik mesh bernafas (breathable) yang sejuk dan tapak getah anti-gelincir berdaya cengkaman tinggi, sesuai untuk cuaca panas dan hujan di Malaysia.</p>

<h3>Kelebihan &amp; Spesifikasi Utama:</h3>
<ul>
  <li><strong>Kusyen tapak tebal Summit Cushion untuk perlindungan impak maksimum:</strong> </li>
  <li><strong>Binaan tahan lasak heavy-duty yang tidak mudah kemek:</strong> </li>
  <li><strong>Tapak cengkaman berprofil tinggi yang selamat di pelbagai laluan:</strong> </li>
  <li><strong>Lapisan dalam berlapik empuk untuk keselesaan berpanjangan:</strong> </li>
</ul>

<h3>Jaminan &amp; Kelebihan Servis ELFY Malaysia:</h3>
<ul>
  <li>🚚 <strong>Penghantaran Pantas:</strong> 1-3 hari bekerja untuk Semenanjung (Pos Laju / J&amp;T). Penghantaran Percuma untuk pesanan RM150 ke atas!</li>
  <li>🔄 <strong>Jaminan Tukar Saiz 7 Hari Percuma:</strong> Jika saiz kurang muat, proses penukaran saiz pantas dan mudah tanpa soalan.</li>
  <li>📦 <strong>100% Ready Stock Malaysia:</strong> Dihantar terus dari gudang tempatan (bukan dropship luar negara).</li>
  <li>🎁 <strong>Pakej Eksklusif:</strong> Didatangkan dalam Kotak Kasut Khas ELFY &amp; pembungkusan bubble wrap tebal.</li>
</ul>

<h3>Panduan Memilih Saiz (Ukuran Tapak Kaki Dalam / Insole):</h3>
<ul>
  <li><strong>Saiz 39:</strong> 24.5 cm</li>
  <li><strong>Saiz 40:</strong> 25.0 cm</li>
  <li><strong>Saiz 41:</strong> 25.5 cm</li>
  <li><strong>Saiz 42:</strong> 26.0 cm</li>
  <li><strong>Saiz 43:</strong> 26.5 cm</li>
  <li><strong>Saiz 44:</strong> 27.0 cm</li>
</ul>
<p><em>*Tip Saiz: Jika bentuk kaki anda lebar (wide feet), kami cadangkan ambil 1 saiz lebih besar untuk keselesaan optimum.</em></p>","Elfy Summit Pace K38 Sneakers - Kasut Kusyen Tebal Lelaki Malaysia - Elfy Official","Beli Elfy Summit Pace K38 Sneakers di Malaysia. Kasut sneakers kusyen tebal heavy-duty, perlindungan impak maksima & selesa berjalan jarak jauh."
"sepatu-pria-k39-sneakers-sport-casual","Elfy Swift Motion K39 Sneakers","<p><strong>Elfy Swift Motion K39 Sneakers</strong> direka khas untuk lelaki moden Malaysia yang mengutamakan keselesaan maksima sepanjang hari, sama ada untuk kerja, bersiar-siar, mahupun bersukan kasual. Dibina dengan fabrik mesh bernafas (breathable) yang sejuk dan tapak getah anti-gelincir berdaya cengkaman tinggi, sesuai untuk cuaca panas dan hujan di Malaysia.</p>

<h3>Kelebihan &amp; Spesifikasi Utama:</h3>
<ul>
  <li><strong>Sistem pengudaraan Airflow Mesh memastikan aliran udara berterusan:</strong> </li>
  <li><strong>Berat kasut yang sangat ringan untuk langkah pantas dan lincah:</strong> </li>
  <li><strong>Tapak luar fleksibel yang menyerap hentakan dengan efisien:</strong> </li>
  <li><strong>Gaya atletik moden yang bergaya untuk seisi keluarga:</strong> </li>
</ul>

<h3>Jaminan &amp; Kelebihan Servis ELFY Malaysia:</h3>
<ul>
  <li>🚚 <strong>Penghantaran Pantas:</strong> 1-3 hari bekerja untuk Semenanjung (Pos Laju / J&amp;T). Penghantaran Percuma untuk pesanan RM150 ke atas!</li>
  <li>🔄 <strong>Jaminan Tukar Saiz 7 Hari Percuma:</strong> Jika saiz kurang muat, proses penukaran saiz pantas dan mudah tanpa soalan.</li>
  <li>📦 <strong>100% Ready Stock Malaysia:</strong> Dihantar terus dari gudang tempatan (bukan dropship luar negara).</li>
  <li>🎁 <strong>Pakej Eksklusif:</strong> Didatangkan dalam Kotak Kasut Khas ELFY &amp; pembungkusan bubble wrap tebal.</li>
</ul>

<h3>Panduan Memilih Saiz (Ukuran Tapak Kaki Dalam / Insole):</h3>
<ul>
  <li><strong>Saiz 39:</strong> 24.5 cm</li>
  <li><strong>Saiz 40:</strong> 25.0 cm</li>
  <li><strong>Saiz 41:</strong> 25.5 cm</li>
  <li><strong>Saiz 42:</strong> 26.0 cm</li>
  <li><strong>Saiz 43:</strong> 26.5 cm</li>
  <li><strong>Saiz 44:</strong> 27.0 cm</li>
</ul>
<p><em>*Tip Saiz: Jika bentuk kaki anda lebar (wide feet), kami cadangkan ambil 1 saiz lebih besar untuk keselesaan optimum.</em></p>","Elfy Swift Motion K39 Sneakers - Kasut Aliran Udara Ultra Ringan Malaysia - Elfy Official","Beli Elfy Swift Motion K39 Sneakers di Malaysia. Kasut sneakers ultra-ringan dengan aliran udara optimum, kaki sejuk dan tidak berpeluh."
"sepatu-pria-k40-sneakers-sport-casual","Elfy Horizon Pro K40 Sneakers","<p><strong>Elfy Horizon Pro K40 Sneakers</strong> direka khas untuk lelaki moden Malaysia yang mengutamakan keselesaan maksima sepanjang hari, sama ada untuk kerja, bersiar-siar, mahupun bersukan kasual. Dibina dengan fabrik mesh bernafas (breathable) yang sejuk dan tapak getah anti-gelincir berdaya cengkaman tinggi, sesuai untuk cuaca panas dan hujan di Malaysia.</p>

<h3>Kelebihan &amp; Spesifikasi Utama:</h3>
<ul>
  <li><strong>Ketahanan tinggi (High-Durability) direka khas untuk pemakaian lasak berulang:</strong> </li>
  <li><strong>Sokongan tumit Horizon Pro mengelakkan kaki terseliuh:</strong> </li>
  <li><strong>Tapak getah cengkaman komprehensif pada pelbagai permukaan:</strong> </li>
  <li><strong>Bahan atas tahan koyak yang tahan lama:</strong> </li>
</ul>

<h3>Jaminan &amp; Kelebihan Servis ELFY Malaysia:</h3>
<ul>
  <li>🚚 <strong>Penghantaran Pantas:</strong> 1-3 hari bekerja untuk Semenanjung (Pos Laju / J&amp;T). Penghantaran Percuma untuk pesanan RM150 ke atas!</li>
  <li>🔄 <strong>Jaminan Tukar Saiz 7 Hari Percuma:</strong> Jika saiz kurang muat, proses penukaran saiz pantas dan mudah tanpa soalan.</li>
  <li>📦 <strong>100% Ready Stock Malaysia:</strong> Dihantar terus dari gudang tempatan (bukan dropship luar negara).</li>
  <li>🎁 <strong>Pakej Eksklusif:</strong> Didatangkan dalam Kotak Kasut Khas ELFY &amp; pembungkusan bubble wrap tebal.</li>
</ul>

<h3>Panduan Memilih Saiz (Ukuran Tapak Kaki Dalam / Insole):</h3>
<ul>
  <li><strong>Saiz 39:</strong> 24.5 cm</li>
  <li><strong>Saiz 40:</strong> 25.0 cm</li>
  <li><strong>Saiz 41:</strong> 25.5 cm</li>
  <li><strong>Saiz 42:</strong> 26.0 cm</li>
  <li><strong>Saiz 43:</strong> 26.5 cm</li>
  <li><strong>Saiz 44:</strong> 27.0 cm</li>
</ul>
<p><em>*Tip Saiz: Jika bentuk kaki anda lebar (wide feet), kami cadangkan ambil 1 saiz lebih besar untuk keselesaan optimum.</em></p>","Elfy Horizon Pro K40 Sneakers - Kasut Latihan Tahan Lasak Lelaki Malaysia - Elfy Official","Beli Elfy Horizon Pro K40 Sneakers di Malaysia. Kasut latihan tahan lasak lelaki, sokongan tumit kukuh & kusyen empuk untuk aktiviti lasak harian."
"sepatu-pria-k41-sneakers-sport-casual","Elfy Veloce Active K41 Sneakers","<p><strong>Elfy Veloce Active K41 Sneakers</strong> direka khas untuk lelaki moden Malaysia yang mengutamakan keselesaan maksima sepanjang hari, sama ada untuk kerja, bersiar-siar, mahupun bersukan kasual. Dibina dengan fabrik mesh bernafas (breathable) yang sejuk dan tapak getah anti-gelincir berdaya cengkaman tinggi, sesuai untuk cuaca panas dan hujan di Malaysia.</p>

<h3>Kelebihan &amp; Spesifikasi Utama:</h3>
<ul>
  <li><strong>Teknologi Dynamic Bounce memberi lantunan bertenaga setiap langkah:</strong> </li>
  <li><strong>Bahagian atas rajutan fleksibel yang menyokong pergerakan lincah:</strong> </li>
  <li><strong>Kolar buku lali lembut mengelakkan rasa melecet:</strong> </li>
  <li><strong>Tapak cengkaman tahan lama untuk kegunaan sukan dan kasual:</strong> </li>
</ul>

<h3>Jaminan &amp; Kelebihan Servis ELFY Malaysia:</h3>
<ul>
  <li>🚚 <strong>Penghantaran Pantas:</strong> 1-3 hari bekerja untuk Semenanjung (Pos Laju / J&amp;T). Penghantaran Percuma untuk pesanan RM150 ke atas!</li>
  <li>🔄 <strong>Jaminan Tukar Saiz 7 Hari Percuma:</strong> Jika saiz kurang muat, proses penukaran saiz pantas dan mudah tanpa soalan.</li>
  <li>📦 <strong>100% Ready Stock Malaysia:</strong> Dihantar terus dari gudang tempatan (bukan dropship luar negara).</li>
  <li>🎁 <strong>Pakej Eksklusif:</strong> Didatangkan dalam Kotak Kasut Khas ELFY &amp; pembungkusan bubble wrap tebal.</li>
</ul>

<h3>Panduan Memilih Saiz (Ukuran Tapak Kaki Dalam / Insole):</h3>
<ul>
  <li><strong>Saiz 39:</strong> 24.5 cm</li>
  <li><strong>Saiz 40:</strong> 25.0 cm</li>
  <li><strong>Saiz 41:</strong> 25.5 cm</li>
  <li><strong>Saiz 42:</strong> 26.0 cm</li>
  <li><strong>Saiz 43:</strong> 26.5 cm</li>
  <li><strong>Saiz 44:</strong> 27.0 cm</li>
</ul>
<p><em>*Tip Saiz: Jika bentuk kaki anda lebar (wide feet), kami cadangkan ambil 1 saiz lebih besar untuk keselesaan optimum.</em></p>","Elfy Veloce Active K41 Sneakers - Kasut Sukan Dynamic Bounce Lelaki Malaysia - Elfy Official","Beli Elfy Veloce Active K41 Sneakers di Malaysia. Kasut sukan lantunan dinamik Veloce Active, langkah bertenaga & rekaan sporty aerodinamik."
"sepatu-pria-k42-sneakers-sport-casual","Elfy HyperStrut K42 Impact Sneakers","<p><strong>Elfy HyperStrut K42 Impact Sneakers</strong> direka khas untuk lelaki moden Malaysia yang mengutamakan keselesaan maksima sepanjang hari, sama ada untuk kerja, bersiar-siar, mahupun bersukan kasual. Dibina dengan fabrik mesh bernafas (breathable) yang sejuk dan tapak getah anti-gelincir berdaya cengkaman tinggi, sesuai untuk cuaca panas dan hujan di Malaysia.</p>

<h3>Kelebihan &amp; Spesifikasi Utama:</h3>
<ul>
  <li><strong>Sistem perlindungan impak HyperStrut yang menyerap tekanan tapak kaki:</strong> </li>
  <li><strong>Kemasan material premium yang tampak mewah dan tahan calar:</strong> </li>
  <li><strong>Insole anatomi yang menyokong bentuk lengkung kaki secara semula jadi:</strong> </li>
  <li><strong>Tapak getah padu anti-gelincir untuk keselamatan optimum:</strong> </li>
</ul>

<h3>Jaminan &amp; Kelebihan Servis ELFY Malaysia:</h3>
<ul>
  <li>🚚 <strong>Penghantaran Pantas:</strong> 1-3 hari bekerja untuk Semenanjung (Pos Laju / J&amp;T). Penghantaran Percuma untuk pesanan RM150 ke atas!</li>
  <li>🔄 <strong>Jaminan Tukar Saiz 7 Hari Percuma:</strong> Jika saiz kurang muat, proses penukaran saiz pantas dan mudah tanpa soalan.</li>
  <li>📦 <strong>100% Ready Stock Malaysia:</strong> Dihantar terus dari gudang tempatan (bukan dropship luar negara).</li>
  <li>🎁 <strong>Pakej Eksklusif:</strong> Didatangkan dalam Kotak Kasut Khas ELFY &amp; pembungkusan bubble wrap tebal.</li>
</ul>

<h3>Panduan Memilih Saiz (Ukuran Tapak Kaki Dalam / Insole):</h3>
<ul>
  <li><strong>Saiz 39:</strong> 24.5 cm</li>
  <li><strong>Saiz 40:</strong> 25.0 cm</li>
  <li><strong>Saiz 41:</strong> 25.5 cm</li>
  <li><strong>Saiz 42:</strong> 26.0 cm</li>
  <li><strong>Saiz 43:</strong> 26.5 cm</li>
  <li><strong>Saiz 44:</strong> 27.0 cm</li>
</ul>
<p><em>*Tip Saiz: Jika bentuk kaki anda lebar (wide feet), kami cadangkan ambil 1 saiz lebih besar untuk keselesaan optimum.</em></p>","Elfy HyperStrut K42 Impact Sneakers - Kasut Tahan Impak Premium Lelaki Malaysia - Elfy Official","Beli Elfy HyperStrut K42 Impact Sneakers di Malaysia. Kasut sneakers premium tahan impak tinggi, mengurangkan keletihan kaki berjalan seharian."
"sepatu-pria-k43-sneakers-sport-casual","Elfy Titan Edge K43 Sneakers","<p><strong>Elfy Titan Edge K43 Sneakers</strong> direka khas untuk lelaki moden Malaysia yang mengutamakan keselesaan maksima sepanjang hari, sama ada untuk kerja, bersiar-siar, mahupun bersukan kasual. Dibina dengan fabrik mesh bernafas (breathable) yang sejuk dan tapak getah anti-gelincir berdaya cengkaman tinggi, sesuai untuk cuaca panas dan hujan di Malaysia.</p>

<h3>Kelebihan &amp; Spesifikasi Utama:</h3>
<ul>
  <li><strong>Sistem kestabilan Titan Edge memastikan kaki tidak tergelincir atau condong:</strong> </li>
  <li><strong>Tapak luar getah berprofil lebar untuk tapakan mantap:</strong> </li>
  <li><strong>Fabrik jaring bernafas mengekalkan suhu kaki sentiasa selesa:</strong> </li>
  <li><strong>Binaan kukuh dan berkualiti tinggi untuk pemakaian bertahun:</strong> </li>
</ul>

<h3>Jaminan &amp; Kelebihan Servis ELFY Malaysia:</h3>
<ul>
  <li>🚚 <strong>Penghantaran Pantas:</strong> 1-3 hari bekerja untuk Semenanjung (Pos Laju / J&amp;T). Penghantaran Percuma untuk pesanan RM150 ke atas!</li>
  <li>🔄 <strong>Jaminan Tukar Saiz 7 Hari Percuma:</strong> Jika saiz kurang muat, proses penukaran saiz pantas dan mudah tanpa soalan.</li>
  <li>📦 <strong>100% Ready Stock Malaysia:</strong> Dihantar terus dari gudang tempatan (bukan dropship luar negara).</li>
  <li>🎁 <strong>Pakej Eksklusif:</strong> Didatangkan dalam Kotak Kasut Khas ELFY &amp; pembungkusan bubble wrap tebal.</li>
</ul>

<h3>Panduan Memilih Saiz (Ukuran Tapak Kaki Dalam / Insole):</h3>
<ul>
  <li><strong>Saiz 39:</strong> 24.5 cm</li>
  <li><strong>Saiz 40:</strong> 25.0 cm</li>
  <li><strong>Saiz 41:</strong> 25.5 cm</li>
  <li><strong>Saiz 42:</strong> 26.0 cm</li>
  <li><strong>Saiz 43:</strong> 26.5 cm</li>
  <li><strong>Saiz 44:</strong> 27.0 cm</li>
</ul>
<p><em>*Tip Saiz: Jika bentuk kaki anda lebar (wide feet), kami cadangkan ambil 1 saiz lebih besar untuk keselesaan optimum.</em></p>","Elfy Titan Edge K43 Sneakers - Kasut Lari Kestabilan Padu Lelaki Malaysia - Elfy Official","Beli Elfy Titan Edge K43 Sneakers di Malaysia. Kasut lari kestabilan dipertingkat Titan Edge, tapak cengkaman kukuh & kusyen empuk tahan lama."
"sepatu-pria-k44-sneakers-sport-casual","Elfy AeroSprint Elite K44 Sneakers","<p><strong>Elfy AeroSprint Elite K44 Sneakers</strong> direka khas untuk lelaki moden Malaysia yang mengutamakan keselesaan maksima sepanjang hari, sama ada untuk kerja, bersiar-siar, mahupun bersukan kasual. Dibina dengan fabrik mesh bernafas (breathable) yang sejuk dan tapak getah anti-gelincir berdaya cengkaman tinggi, sesuai untuk cuaca panas dan hujan di Malaysia.</p>

<h3>Kelebihan &amp; Spesifikasi Utama:</h3>
<ul>
  <li><strong>Beg udara AeroSprint Elite pada bahagian tumit untuk keselesaan luar biasa:</strong> </li>
  <li><strong>Rekaan futuristik yang menarik dan bergaya eksklusif:</strong> </li>
  <li><strong>Bahan atas ultra-breathable yang tidak memerangkap bau:</strong> </li>
  <li><strong>Tapak getah berdaya cengkaman tinggi di jalan basah:</strong> </li>
</ul>

<h3>Jaminan &amp; Kelebihan Servis ELFY Malaysia:</h3>
<ul>
  <li>🚚 <strong>Penghantaran Pantas:</strong> 1-3 hari bekerja untuk Semenanjung (Pos Laju / J&amp;T). Penghantaran Percuma untuk pesanan RM150 ke atas!</li>
  <li>🔄 <strong>Jaminan Tukar Saiz 7 Hari Percuma:</strong> Jika saiz kurang muat, proses penukaran saiz pantas dan mudah tanpa soalan.</li>
  <li>📦 <strong>100% Ready Stock Malaysia:</strong> Dihantar terus dari gudang tempatan (bukan dropship luar negara).</li>
  <li>🎁 <strong>Pakej Eksklusif:</strong> Didatangkan dalam Kotak Kasut Khas ELFY &amp; pembungkusan bubble wrap tebal.</li>
</ul>

<h3>Panduan Memilih Saiz (Ukuran Tapak Kaki Dalam / Insole):</h3>
<ul>
  <li><strong>Saiz 39:</strong> 24.5 cm</li>
  <li><strong>Saiz 40:</strong> 25.0 cm</li>
  <li><strong>Saiz 41:</strong> 25.5 cm</li>
  <li><strong>Saiz 42:</strong> 26.0 cm</li>
  <li><strong>Saiz 43:</strong> 26.5 cm</li>
  <li><strong>Saiz 44:</strong> 27.0 cm</li>
</ul>
<p><em>*Tip Saiz: Jika bentuk kaki anda lebar (wide feet), kami cadangkan ambil 1 saiz lebih besar untuk keselesaan optimum.</em></p>","Elfy AeroSprint Elite K44 Sneakers - Kasut Air Cushion Elit Lelaki Malaysia - Elfy Official","Beli Elfy AeroSprint Elite K44 Sneakers di Malaysia. Kasut sneakers elit beg udara canggih, langkah ringan & keselesaan tiada tandingan."
"sepatu-pria-k45-sneakers-sport-casual","Elfy Prism Pace K45 Sneakers","<p><strong>Elfy Prism Pace K45 Sneakers</strong> direka khas untuk lelaki moden Malaysia yang mengutamakan keselesaan maksima sepanjang hari, sama ada untuk kerja, bersiar-siar, mahupun bersukan kasual. Dibina dengan fabrik mesh bernafas (breathable) yang sejuk dan tapak getah anti-gelincir berdaya cengkaman tinggi, sesuai untuk cuaca panas dan hujan di Malaysia.</p>

<h3>Kelebihan &amp; Spesifikasi Utama:</h3>
<ul>
  <li><strong>Tekstur jaring Prism Mesh yang menarik dengan pengudaraan berterusan:</strong> </li>
  <li><strong>Berat ringan memudahkan pergerakan pantas tanpa keletihan:</strong> </li>
  <li><strong>Tapak dalam empuk menyokong berat badan dengan seimbang:</strong> </li>
  <li><strong>Mudah dipadankan dengan gaya pakaian kasual moden:</strong> </li>
</ul>

<h3>Jaminan &amp; Kelebihan Servis ELFY Malaysia:</h3>
<ul>
  <li>🚚 <strong>Penghantaran Pantas:</strong> 1-3 hari bekerja untuk Semenanjung (Pos Laju / J&amp;T). Penghantaran Percuma untuk pesanan RM150 ke atas!</li>
  <li>🔄 <strong>Jaminan Tukar Saiz 7 Hari Percuma:</strong> Jika saiz kurang muat, proses penukaran saiz pantas dan mudah tanpa soalan.</li>
  <li>📦 <strong>100% Ready Stock Malaysia:</strong> Dihantar terus dari gudang tempatan (bukan dropship luar negara).</li>
  <li>🎁 <strong>Pakej Eksklusif:</strong> Didatangkan dalam Kotak Kasut Khas ELFY &amp; pembungkusan bubble wrap tebal.</li>
</ul>

<h3>Panduan Memilih Saiz (Ukuran Tapak Kaki Dalam / Insole):</h3>
<ul>
  <li><strong>Saiz 39:</strong> 24.5 cm</li>
  <li><strong>Saiz 40:</strong> 25.0 cm</li>
  <li><strong>Saiz 41:</strong> 25.5 cm</li>
  <li><strong>Saiz 42:</strong> 26.0 cm</li>
  <li><strong>Saiz 43:</strong> 26.5 cm</li>
  <li><strong>Saiz 44:</strong> 27.0 cm</li>
</ul>
<p><em>*Tip Saiz: Jika bentuk kaki anda lebar (wide feet), kami cadangkan ambil 1 saiz lebih besar untuk keselesaan optimum.</em></p>","Elfy Prism Pace K45 Sneakers - Kasut Ringan Bernafas Lelaki Malaysia - Elfy Official","Beli Elfy Prism Pace K45 Sneakers di Malaysia. Kasut sneakers lelaki bernafas & ringan, mudah dipakai untuk bersiar-siar, kerja dan riadah santai."
"sepatu-pria-k46-sneakers-sport-casual","Elfy Stealth Glide K46 Sneakers","<p><strong>Elfy Stealth Glide K46 Sneakers</strong> direka khas untuk lelaki moden Malaysia yang mengutamakan keselesaan maksima sepanjang hari, sama ada untuk kerja, bersiar-siar, mahupun bersukan kasual. Dibina dengan fabrik mesh bernafas (breathable) yang sejuk dan tapak getah anti-gelincir berdaya cengkaman tinggi, sesuai untuk cuaca panas dan hujan di Malaysia.</p>

<h3>Kelebihan &amp; Spesifikasi Utama:</h3>
<ul>
  <li><strong>Bahan luaran tahan lasak yang sesuai untuk cuaca panas dan hujan Malaysia:</strong> </li>
  <li><strong>Tapak Stealth Glide anti-gelincir yang memberikan kestabilan terjamin:</strong> </li>
  <li><strong>Kusyen dalaman yang lembut menyokong tumit dan tapak kaki:</strong> </li>
  <li><strong>Warna gelap elegan yang tidak mudah kelihatan kotor:</strong> </li>
</ul>

<h3>Jaminan &amp; Kelebihan Servis ELFY Malaysia:</h3>
<ul>
  <li>🚚 <strong>Penghantaran Pantas:</strong> 1-3 hari bekerja untuk Semenanjung (Pos Laju / J&amp;T). Penghantaran Percuma untuk pesanan RM150 ke atas!</li>
  <li>🔄 <strong>Jaminan Tukar Saiz 7 Hari Percuma:</strong> Jika saiz kurang muat, proses penukaran saiz pantas dan mudah tanpa soalan.</li>
  <li>📦 <strong>100% Ready Stock Malaysia:</strong> Dihantar terus dari gudang tempatan (bukan dropship luar negara).</li>
  <li>🎁 <strong>Pakej Eksklusif:</strong> Didatangkan dalam Kotak Kasut Khas ELFY &amp; pembungkusan bubble wrap tebal.</li>
</ul>

<h3>Panduan Memilih Saiz (Ukuran Tapak Kaki Dalam / Insole):</h3>
<ul>
  <li><strong>Saiz 39:</strong> 24.5 cm</li>
  <li><strong>Saiz 40:</strong> 25.0 cm</li>
  <li><strong>Saiz 41:</strong> 25.5 cm</li>
  <li><strong>Saiz 42:</strong> 26.0 cm</li>
  <li><strong>Saiz 43:</strong> 26.5 cm</li>
  <li><strong>Saiz 44:</strong> 27.0 cm</li>
</ul>
<p><em>*Tip Saiz: Jika bentuk kaki anda lebar (wide feet), kami cadangkan ambil 1 saiz lebih besar untuk keselesaan optimum.</em></p>","Elfy Stealth Glide K46 Sneakers - Kasut Cuaca Harian Lelaki Malaysia - Elfy Official","Beli Elfy Stealth Glide K46 Sneakers di Malaysia. Kasut sneakers kasual serba cuaca panas & hujan, tapak anti-gelincir dan tahan kotoran."
"sepatu-pria-k47-sneakers-sport-casual","Elfy Vanguard Luxe K47 Sneakers","<p><strong>Elfy Vanguard Luxe K47 Sneakers</strong> direka khas untuk lelaki moden Malaysia yang mengutamakan keselesaan maksima sepanjang hari, sama ada untuk kerja, bersiar-siar, mahupun bersukan kasual. Dibina dengan fabrik mesh bernafas (breathable) yang sejuk dan tapak getah anti-gelincir berdaya cengkaman tinggi, sesuai untuk cuaca panas dan hujan di Malaysia.</p>

<h3>Kelebihan &amp; Spesifikasi Utama:</h3>
<ul>
  <li><strong>Kemasan leather-trim gred tinggi yang menonjolkan gaya sartorial mewah:</strong> </li>
  <li><strong>Sangat sesuai untuk gaya smart-casual ke pejabat atau majlis makan malam:</strong> </li>
  <li><strong>Kusyen insole mewah yang empuk dan selesa sepanjang hari:</strong> </li>
  <li><strong>Tapak getah berkualiti tinggi yang tahan haus dan tidak licin:</strong> </li>
</ul>

<h3>Jaminan &amp; Kelebihan Servis ELFY Malaysia:</h3>
<ul>
  <li>🚚 <strong>Penghantaran Pantas:</strong> 1-3 hari bekerja untuk Semenanjung (Pos Laju / J&amp;T). Penghantaran Percuma untuk pesanan RM150 ke atas!</li>
  <li>🔄 <strong>Jaminan Tukar Saiz 7 Hari Percuma:</strong> Jika saiz kurang muat, proses penukaran saiz pantas dan mudah tanpa soalan.</li>
  <li>📦 <strong>100% Ready Stock Malaysia:</strong> Dihantar terus dari gudang tempatan (bukan dropship luar negara).</li>
  <li>🎁 <strong>Pakej Eksklusif:</strong> Didatangkan dalam Kotak Kasut Khas ELFY &amp; pembungkusan bubble wrap tebal.</li>
</ul>

<h3>Panduan Memilih Saiz (Ukuran Tapak Kaki Dalam / Insole):</h3>
<ul>
  <li><strong>Saiz 39:</strong> 24.5 cm</li>
  <li><strong>Saiz 40:</strong> 25.0 cm</li>
  <li><strong>Saiz 41:</strong> 25.5 cm</li>
  <li><strong>Saiz 42:</strong> 26.0 cm</li>
  <li><strong>Saiz 43:</strong> 26.5 cm</li>
  <li><strong>Saiz 44:</strong> 27.0 cm</li>
</ul>
<p><em>*Tip Saiz: Jika bentuk kaki anda lebar (wide feet), kami cadangkan ambil 1 saiz lebih besar untuk keselesaan optimum.</em></p>","Elfy Vanguard Luxe K47 Sneakers - Kasut Sneakers Kemasan Kulit Mewah Malaysia - Elfy Official","Beli Elfy Vanguard Luxe K47 Sneakers di Malaysia. Kasut sneakers kemasan kulit mewah Vanguard Luxe, smart-casual bergaya eksklusif ke pejabat."
"sepatu-pria-k48-sneakers-sport-casual","Elfy Volt Runner K48 Sneakers","<p><strong>Elfy Volt Runner K48 Sneakers</strong> direka khas untuk lelaki moden Malaysia yang mengutamakan keselesaan maksima sepanjang hari, sama ada untuk kerja, bersiar-siar, mahupun bersukan kasual. Dibina dengan fabrik mesh bernafas (breathable) yang sejuk dan tapak getah anti-gelincir berdaya cengkaman tinggi, sesuai untuk cuaca panas dan hujan di Malaysia.</p>

<h3>Kelebihan &amp; Spesifikasi Utama:</h3>
<ul>
  <li><strong>Bentuk aerodinamik Volt Runner memudahkan larian dan langkah laju:</strong> </li>
  <li><strong>Bahan bernafas memastikan kaki kekal kering semasa berpeluh:</strong> </li>
  <li><strong>Kusyen tapak tengah menyerap tekanan hentakan kaki dengan baik:</strong> </li>
  <li><strong>Tapak cengkaman getah tahan lama:</strong> </li>
</ul>

<h3>Jaminan &amp; Kelebihan Servis ELFY Malaysia:</h3>
<ul>
  <li>🚚 <strong>Penghantaran Pantas:</strong> 1-3 hari bekerja untuk Semenanjung (Pos Laju / J&amp;T). Penghantaran Percuma untuk pesanan RM150 ke atas!</li>
  <li>🔄 <strong>Jaminan Tukar Saiz 7 Hari Percuma:</strong> Jika saiz kurang muat, proses penukaran saiz pantas dan mudah tanpa soalan.</li>
  <li>📦 <strong>100% Ready Stock Malaysia:</strong> Dihantar terus dari gudang tempatan (bukan dropship luar negara).</li>
  <li>🎁 <strong>Pakej Eksklusif:</strong> Didatangkan dalam Kotak Kasut Khas ELFY &amp; pembungkusan bubble wrap tebal.</li>
</ul>

<h3>Panduan Memilih Saiz (Ukuran Tapak Kaki Dalam / Insole):</h3>
<ul>
  <li><strong>Saiz 39:</strong> 24.5 cm</li>
  <li><strong>Saiz 40:</strong> 25.0 cm</li>
  <li><strong>Saiz 41:</strong> 25.5 cm</li>
  <li><strong>Saiz 42:</strong> 26.0 cm</li>
  <li><strong>Saiz 43:</strong> 26.5 cm</li>
  <li><strong>Saiz 44:</strong> 27.0 cm</li>
</ul>
<p><em>*Tip Saiz: Jika bentuk kaki anda lebar (wide feet), kami cadangkan ambil 1 saiz lebih besar untuk keselesaan optimum.</em></p>","Elfy Volt Runner K48 Sneakers - Kasut Lari Aerodinamik Lelaki Malaysia - Elfy Official","Beli Elfy Volt Runner K48 Sneakers di Malaysia. Kasut sneakers lari aerodinamik berprestasi tinggi, ringan, pantas & cengkaman padu."
"sepatu-pria-k49-sneakers-sport-casual","Elfy Terra Grip K49 Sneakers","<p><strong>Elfy Terra Grip K49 Sneakers</strong> direka khas untuk lelaki moden Malaysia yang mengutamakan keselesaan maksima sepanjang hari, sama ada untuk kerja, bersiar-siar, mahupun bersukan kasual. Dibina dengan fabrik mesh bernafas (breathable) yang sejuk dan tapak getah anti-gelincir berdaya cengkaman tinggi, sesuai untuk cuaca panas dan hujan di Malaysia.</p>

<h3>Kelebihan &amp; Spesifikasi Utama:</h3>
<ul>
  <li><strong>Tapak cengkaman unggul Terra Grip yang menggigit permukaan lantai dengan mantap:</strong> </li>
  <li><strong>Binaan kukuh melindungi kaki daripada rintangan persekitaran bandar:</strong> </li>
  <li><strong>Kusyen dalaman empuk yang menyerap keletihan berjalan jauh:</strong> </li>
  <li><strong>Gaya moden maskulin yang menarik perhatian:</strong> </li>
</ul>

<h3>Jaminan &amp; Kelebihan Servis ELFY Malaysia:</h3>
<ul>
  <li>🚚 <strong>Penghantaran Pantas:</strong> 1-3 hari bekerja untuk Semenanjung (Pos Laju / J&amp;T). Penghantaran Percuma untuk pesanan RM150 ke atas!</li>
  <li>🔄 <strong>Jaminan Tukar Saiz 7 Hari Percuma:</strong> Jika saiz kurang muat, proses penukaran saiz pantas dan mudah tanpa soalan.</li>
  <li>📦 <strong>100% Ready Stock Malaysia:</strong> Dihantar terus dari gudang tempatan (bukan dropship luar negara).</li>
  <li>🎁 <strong>Pakej Eksklusif:</strong> Didatangkan dalam Kotak Kasut Khas ELFY &amp; pembungkusan bubble wrap tebal.</li>
</ul>

<h3>Panduan Memilih Saiz (Ukuran Tapak Kaki Dalam / Insole):</h3>
<ul>
  <li><strong>Saiz 39:</strong> 24.5 cm</li>
  <li><strong>Saiz 40:</strong> 25.0 cm</li>
  <li><strong>Saiz 41:</strong> 25.5 cm</li>
  <li><strong>Saiz 42:</strong> 26.0 cm</li>
  <li><strong>Saiz 43:</strong> 26.5 cm</li>
  <li><strong>Saiz 44:</strong> 27.0 cm</li>
</ul>
<p><em>*Tip Saiz: Jika bentuk kaki anda lebar (wide feet), kami cadangkan ambil 1 saiz lebih besar untuk keselesaan optimum.</em></p>","Elfy Terra Grip K49 Sneakers - Kasut Cengkaman Unggul Urban Lelaki Malaysia - Elfy Official","Beli Elfy Terra Grip K49 Sneakers di Malaysia. Kasut urban cengkaman unggul Terra Grip, selamat melangkah di lantai licin, tangga & jalan raya."
"sepatu-pria-k50-sneakers-sport-casual","Elfy Pulse Lite K50 Sneakers","<p><strong>Elfy Pulse Lite K50 Sneakers</strong> direka khas untuk lelaki moden Malaysia yang mengutamakan keselesaan maksima sepanjang hari, sama ada untuk kerja, bersiar-siar, mahupun bersukan kasual. Dibina dengan fabrik mesh bernafas (breathable) yang sejuk dan tapak getah anti-gelincir berdaya cengkaman tinggi, sesuai untuk cuaca panas dan hujan di Malaysia.</p>

<h3>Kelebihan &amp; Spesifikasi Utama:</h3>
<ul>
  <li><strong>Teknologi Soft-Step memberikan sensasi langkah yang lembut dan senyap:</strong> </li>
  <li><strong>Binaan Pulse Lite yang amat ringan di kaki:</strong> </li>
  <li><strong>Pengudaraan menyeluruh memastikan kaki bebas rasa rimas:</strong> </li>
  <li><strong>Pilihan sempurna untuk kasut harian serbaguna:</strong> </li>
</ul>

<h3>Jaminan &amp; Kelebihan Servis ELFY Malaysia:</h3>
<ul>
  <li>🚚 <strong>Penghantaran Pantas:</strong> 1-3 hari bekerja untuk Semenanjung (Pos Laju / J&amp;T). Penghantaran Percuma untuk pesanan RM150 ke atas!</li>
  <li>🔄 <strong>Jaminan Tukar Saiz 7 Hari Percuma:</strong> Jika saiz kurang muat, proses penukaran saiz pantas dan mudah tanpa soalan.</li>
  <li>📦 <strong>100% Ready Stock Malaysia:</strong> Dihantar terus dari gudang tempatan (bukan dropship luar negara).</li>
  <li>🎁 <strong>Pakej Eksklusif:</strong> Didatangkan dalam Kotak Kasut Khas ELFY &amp; pembungkusan bubble wrap tebal.</li>
</ul>

<h3>Panduan Memilih Saiz (Ukuran Tapak Kaki Dalam / Insole):</h3>
<ul>
  <li><strong>Saiz 39:</strong> 24.5 cm</li>
  <li><strong>Saiz 40:</strong> 25.0 cm</li>
  <li><strong>Saiz 41:</strong> 25.5 cm</li>
  <li><strong>Saiz 42:</strong> 26.0 cm</li>
  <li><strong>Saiz 43:</strong> 26.5 cm</li>
  <li><strong>Saiz 44:</strong> 27.0 cm</li>
</ul>
<p><em>*Tip Saiz: Jika bentuk kaki anda lebar (wide feet), kami cadangkan ambil 1 saiz lebih besar untuk keselesaan optimum.</em></p>","Elfy Pulse Lite K50 Sneakers - Kasut Tapak Lembut Harian Lelaki Malaysia - Elfy Official","Beli Elfy Pulse Lite K50 Sneakers di Malaysia. Kasut sneakers harian langkah lembut Pulse Lite, ringan dan selesa untuk dipakai ke mana sahaja."
"sepatu-pria-k51-sneakers-sport-casual","Elfy Apex Carbon K51 Sneakers","<p><strong>Elfy Apex Carbon K51 Sneakers</strong> direka khas untuk lelaki moden Malaysia yang mengutamakan keselesaan maksima sepanjang hari, sama ada untuk kerja, bersiar-siar, mahupun bersukan kasual. Dibina dengan fabrik mesh bernafas (breathable) yang sejuk dan tapak getah anti-gelincir berdaya cengkaman tinggi, sesuai untuk cuaca panas dan hujan di Malaysia.</p>

<h3>Kelebihan &amp; Spesifikasi Utama:</h3>
<ul>
  <li><strong>Kusyen High-Density Cushioning yang tahan kemek walaupun dipakai setiap hari:</strong> </li>
  <li><strong>Aksen bergaya corak karbon yang maskulin dan sporty:</strong> </li>
  <li><strong>Tapak getah cengkaman tinggi anti-gelincir di pelbagai permukaan:</strong> </li>
  <li><strong>Sokongan menyeluruh untuk kaki yang aktif bergerak:</strong> </li>
</ul>

<h3>Jaminan &amp; Kelebihan Servis ELFY Malaysia:</h3>
<ul>
  <li>🚚 <strong>Penghantaran Pantas:</strong> 1-3 hari bekerja untuk Semenanjung (Pos Laju / J&amp;T). Penghantaran Percuma untuk pesanan RM150 ke atas!</li>
  <li>🔄 <strong>Jaminan Tukar Saiz 7 Hari Percuma:</strong> Jika saiz kurang muat, proses penukaran saiz pantas dan mudah tanpa soalan.</li>
  <li>📦 <strong>100% Ready Stock Malaysia:</strong> Dihantar terus dari gudang tempatan (bukan dropship luar negara).</li>
  <li>🎁 <strong>Pakej Eksklusif:</strong> Didatangkan dalam Kotak Kasut Khas ELFY &amp; pembungkusan bubble wrap tebal.</li>
</ul>

<h3>Panduan Memilih Saiz (Ukuran Tapak Kaki Dalam / Insole):</h3>
<ul>
  <li><strong>Saiz 39:</strong> 24.5 cm</li>
  <li><strong>Saiz 40:</strong> 25.0 cm</li>
  <li><strong>Saiz 41:</strong> 25.5 cm</li>
  <li><strong>Saiz 42:</strong> 26.0 cm</li>
  <li><strong>Saiz 43:</strong> 26.5 cm</li>
  <li><strong>Saiz 44:</strong> 27.0 cm</li>
</ul>
<p><em>*Tip Saiz: Jika bentuk kaki anda lebar (wide feet), kami cadangkan ambil 1 saiz lebih besar untuk keselesaan optimum.</em></p>","Elfy Apex Carbon K51 Sneakers - Kasut Kusyen Padu Lelaki Malaysia - Elfy Official","Beli Elfy Apex Carbon K51 Sneakers di Malaysia. Kasut sneakers kusyen padu Apex Carbon, sokongan berketumpatan tinggi tahan kemek & selesa."
"sepatu-pria-k52-sneakers-sport-casual","Elfy Grand Horizon K52 Sneakers","<p><strong>Elfy Grand Horizon K52 Sneakers</strong> direka khas untuk lelaki moden Malaysia yang mengutamakan keselesaan maksima sepanjang hari, sama ada untuk kerja, bersiar-siar, mahupun bersukan kasual. Dibina dengan fabrik mesh bernafas (breathable) yang sejuk dan tapak getah anti-gelincir berdaya cengkaman tinggi, sesuai untuk cuaca panas dan hujan di Malaysia.</p>

<h3>Kelebihan &amp; Spesifikasi Utama:</h3>
<ul>
  <li><strong>Tahap keselesaan elit Grand Horizon dengan sokongan tapak kaki penuh:</strong> </li>
  <li><strong>Material jaring premium yang kuat, anjal dan sejuk:</strong> </li>
  <li><strong>Tapak getah anti-gelincir berkualiti tinggi:</strong> </li>
  <li><strong>Pilihan terbaik untuk mereka yang mementingkan kualiti dan keselesaan berpanjangan:</strong> </li>
</ul>

<h3>Jaminan &amp; Kelebihan Servis ELFY Malaysia:</h3>
<ul>
  <li>🚚 <strong>Penghantaran Pantas:</strong> 1-3 hari bekerja untuk Semenanjung (Pos Laju / J&amp;T). Penghantaran Percuma untuk pesanan RM150 ke atas!</li>
  <li>🔄 <strong>Jaminan Tukar Saiz 7 Hari Percuma:</strong> Jika saiz kurang muat, proses penukaran saiz pantas dan mudah tanpa soalan.</li>
  <li>📦 <strong>100% Ready Stock Malaysia:</strong> Dihantar terus dari gudang tempatan (bukan dropship luar negara).</li>
  <li>🎁 <strong>Pakej Eksklusif:</strong> Didatangkan dalam Kotak Kasut Khas ELFY &amp; pembungkusan bubble wrap tebal.</li>
</ul>

<h3>Panduan Memilih Saiz (Ukuran Tapak Kaki Dalam / Insole):</h3>
<ul>
  <li><strong>Saiz 39:</strong> 24.5 cm</li>
  <li><strong>Saiz 40:</strong> 25.0 cm</li>
  <li><strong>Saiz 41:</strong> 25.5 cm</li>
  <li><strong>Saiz 42:</strong> 26.0 cm</li>
  <li><strong>Saiz 43:</strong> 26.5 cm</li>
  <li><strong>Saiz 44:</strong> 27.0 cm</li>
</ul>
<p><em>*Tip Saiz: Jika bentuk kaki anda lebar (wide feet), kami cadangkan ambil 1 saiz lebih besar untuk keselesaan optimum.</em></p>","Elfy Grand Horizon K52 Sneakers - Kasut Selesa Elit Lelaki Malaysia - Elfy Official","Beli Elfy Grand Horizon K52 Sneakers di Malaysia. Kasut lari keselesaan elit Grand Horizon, kusyen empuk tebal & tapak tahan lasak berkualiti."